filepath,has_text,scene_type,quality_level,is_night,timestamp
/Users/henrysze/Library/CloudStorage/OneDrive-TheHongKongPolytechnicUniversity/Y4_SEM1/FYP/Images_UAV-VisLoc/03_0668.JPG,0,"building,road,vegetation,vehicle",high,0,2025-10-28T12:12:46.440523
/Users/henrysze/Library/CloudStorage/OneDrive-TheHongKongPolytechnicUniversity/Y4_SEM1/FYP/Images_UAV-VisLoc/03_0669.JPG,0,"building,road,vegetation",high,0,2025-10-28T12:12:56.741762
/Users/henrysze/Library/CloudStorage/OneDrive-TheHongKongPolytechnicUniversity/Y4_SEM1/FYP/Images_UAV-VisLoc/03_0670.JPG,0,"building,vegetation",high,0,2025-10-28T12:13:04.885815
/Users/henrysze/Library/CloudStorage/OneDrive-TheHongKongPolytechnicUniversity/Y4_SEM1/FYP/Images_UAV-VisLoc/03_0671.JPG,0,"building,road",high,0,2025-10-28T12:13:09.891162
/Users/henrysze/Library/CloudStorage/OneDrive-TheHongKongPolytechnicUniversity/Y4_SEM1/FYP/Images_UAV-VisLoc/03_0672.JPG,0,"building,road,vegetation",high,0,2025-10-28T12:13:23.044178
/Users/henrysze/Library/CloudStorage/OneDrive-TheHongKongPolytechnicUniversity/Y4_SEM1/FYP/Images_UAV-VisLoc/03_0673.JPG,0,"building,road,vegetation",high,0,2025-10-28T12:13:31.886251
/Users/henrysze/Library/CloudStorage/OneDrive-TheHongKongPolytechnicUniversity/Y4_SEM1/FYP/Images_UAV-VisLoc/03_0674.JPG,0,"building,road,vegetation",high,0,2025-10-28T12:13:33.921058
/Users/henrysze/Library/CloudStorage/OneDrive-TheHongKongPolytechnicUniversity/Y4_SEM1/FYP/Images_UAV-VisLoc/03_0675.JPG,0,"building,road,vegetation",high,0,2025-10-28T12:13:36.381483
/Users/henrysze/Library/CloudStorage/OneDrive-TheHongKongPolytechnicUniversity/Y4_SEM1/FYP/Images_UAV-VisLoc/03_0676.JPG,0,"building,road,vegetation",high,0,2025-10-28T12:13:40.588295
/Users/henrysze/Library/CloudStorage/OneDrive-TheHongKongPolytechnicUniversity/Y4_SEM1/FYP/Images_UAV-VisLoc/03_0677.JPG,0,"building,road,vegetation",high,0,2025-10-28T12:13:42.960550
/Users/henrysze/Library/CloudStorage/OneDrive-TheHongKongPolytechnicUniversity/Y4_SEM1/FYP/Images_UAV-VisLoc/03_0678.JPG,0,"building,road,vegetation,vehicle",high,0,2025-10-28T12:13:45.859634
/Users/henrysze/Library/CloudStorage/OneDrive-TheHongKongPolytechnicUniversity/Y4_SEM1/FYP/Images_UAV-VisLoc/03_0679.JPG,0,"building,road,vegetation,vehicle",high,0,2025-10-28T12:13:48.893343
/Users/henrysze/Library/CloudStorage/OneDrive-TheHongKongPolytechnicUniversity/Y4_SEM1/FYP/Images_UAV-VisLoc/03_0680.JPG,0,"building,road,vegetation,vehicle",high,0,2025-10-28T12:13:51.286679
/Users/henrysze/Library/CloudStorage/OneDrive-TheHongKongPolytechnicUniversity/Y4_SEM1/FYP/Images_UAV-VisLoc/03_0681.JPG,0,"building,road,vegetation,vehicle",high,0,2025-10-28T12:13:53.480301
/Users/henrysze/Library/CloudStorage/OneDrive-TheHongKongPolytechnicUniversity/Y4_SEM1/FYP/Images_UAV-VisLoc/03_0682.JPG,0,"building,road,vegetation,vehicle",high,0,2025-10-28T12:13:56.180693
/Users/henrysze/Library/CloudStorage/OneDrive-TheHongKongPolytechnicUniversity/Y4_SEM1/FYP/Images_UAV-VisLoc/03_0683.JPG,0,"building,road,vegetation,vehicle",high,0,2025-10-28T12:13:59.498168
/Users/henrysze/Library/CloudStorage/OneDrive-TheHongKongPolytechnicUniversity/Y4_SEM1/FYP/Images_UAV-VisLoc/03_0684.JPG,0,"building,road,vegetation,vehicle",high,0,2025-10-28T12:14:02.881261
/Users/henrysze/Library/CloudStorage/OneDrive-TheHongKongPolytechnicUniversity/Y4_SEM1/FYP/Images_UAV-VisLoc/03_0685.JPG,0,"building,road,vegetation,vehicle",high,0,2025-10-28T12:14:04.457515
/Users/henrysze/Library/CloudStorage/OneDrive-TheHongKongPolytechnicUniversity/Y4_SEM1/FYP/Images_UAV-VisLoc/03_0686.JPG,0,"building,road,vegetation,vehicle",high,0,2025-10-28T12:14:05.770092
/Users/henrysze/Library/CloudStorage/OneDrive-TheHongKongPolytechnicUniversity/Y4_SEM1/FYP/Images_UAV-VisLoc/03_0687.JPG,0,"building,road,vegetation,vehicle",high,0,2025-10-28T12:14:08.505143
/Users/henrysze/Library/CloudStorage/OneDrive-TheHongKongPolytechnicUniversity/Y4_SEM1/FYP/Images_UAV-VisLoc/03_0688.JPG,0,"building,road,vegetation",high,0,2025-10-28T12:14:13.686072
/Users/henrysze/Library/CloudStorage/OneDrive-TheHongKongPolytechnicUniversity/Y4_SEM1/FYP/Images_UAV-VisLoc/03_0689.JPG,0,"building,road,vegetation",high,0,2025-10-28T12:14:15.093369
/Users/henrysze/Library/CloudStorage/OneDrive-TheHongKongPolytechnicUniversity/Y4_SEM1/FYP/Images_UAV-VisLoc/03_0690.JPG,0,"building,road,vegetation",high,0,2025-10-28T12:14:16.463746
/Users/henrysze/Library/CloudStorage/OneDrive-TheHongKongPolytechnicUniversity/Y4_SEM1/FYP/Images_UAV-VisLoc/03_0691.JPG,0,"building,road,vegetation",high,0,2025-10-28T12:14:19.431025
/Users/henrysze/Library/CloudStorage/OneDrive-TheHongKongPolytechnicUniversity/Y4_SEM1/FYP/Images_UAV-VisLoc/03_0692.JPG,0,"building,road,vegetation",high,0,2025-10-28T12:14:21.801072
/Users/henrysze/Library/CloudStorage/OneDrive-TheHongKongPolytechnicUniversity/Y4_SEM1/FYP/Images_UAV-VisLoc/03_0693.JPG,0,"building,road,vegetation",high,0,2025-10-28T12:14:26.605289
/Users/henrysze/Library/CloudStorage/OneDrive-TheHongKongPolytechnicUniversity/Y4_SEM1/FYP/Images_UAV-VisLoc/03_0694.JPG,0,"building,vegetation",high,0,2025-10-28T12:14:34.250024
/Users/henrysze/Library/CloudStorage/OneDrive-TheHongKongPolytechnicUniversity/Y4_SEM1/FYP/Images_UAV-VisLoc/03_0695.JPG,0,"building,road,vegetation",high,0,2025-10-28T12:14:36.413823
/Users/henrysze/Library/CloudStorage/OneDrive-TheHongKongPolytechnicUniversity/Y4_SEM1/FYP/Images_UAV-VisLoc/03_0696.JPG,0,"building,road,vegetation",high,0,2025-10-28T12:14:37.652782
/Users/henrysze/Library/CloudStorage/OneDrive-TheHongKongPolytechnicUniversity/Y4_SEM1/FYP/Images_UAV-VisLoc/03_0697.JPG,0,"building,vegetation",high,0,2025-10-28T12:14:39.056775
/Users/henrysze/Library/CloudStorage/OneDrive-TheHongKongPolytechnicUniversity/Y4_SEM1/FYP/Images_UAV-VisLoc/03_0698.JPG,0,"building,road,vegetation",high,0,2025-10-28T12:14:40.610859
/Users/henrysze/Library/CloudStorage/OneDrive-TheHongKongPolytechnicUniversity/Y4_SEM1/FYP/Images_UAV-VisLoc/03_0699.JPG,0,"building,road,vegetation",high,0,2025-10-28T12:14:42.098642
/Users/henrysze/Library/CloudStorage/OneDrive-TheHongKongPolytechnicUniversity/Y4_SEM1/FYP/Images_UAV-VisLoc/03_0700.JPG,0,"building,road,vegetation",high,0,2025-10-28T12:14:43.651401
/Users/henrysze/Library/CloudStorage/OneDrive-TheHongKongPolytechnicUniversity/Y4_SEM1/FYP/Images_UAV-VisLoc/03_0701.JPG,0,"building,road,vegetation",high,0,2025-10-28T12:14:45.496890
/Users/henrysze/Library/CloudStorage/OneDrive-TheHongKongPolytechnicUniversity/Y4_SEM1/FYP/Images_UAV-VisLoc/03_0702.JPG,0,"building,road,vegetation",high,0,2025-10-28T12:14:48.364268
/Users/henrysze/Library/CloudStorage/OneDrive-TheHongKongPolytechnicUniversity/Y4_SEM1/FYP/Images_UAV-VisLoc/03_0703.JPG,0,"building,road,vegetation",high,0,2025-10-28T12:14:49.669025
/Users/henrysze/Library/CloudStorage/OneDrive-TheHongKongPolytechnicUniversity/Y4_SEM1/FYP/Images_UAV-VisLoc/03_0704.JPG,0,"building,road,vegetation",high,0,2025-10-28T12:14:51.592424
/Users/henrysze/Library/CloudStorage/OneDrive-TheHongKongPolytechnicUniversity/Y4_SEM1/FYP/Images_UAV-VisLoc/03_0705.JPG,0,"building,road,vegetation",high,0,2025-10-28T12:14:53.136536
/Users/henrysze/Library/CloudStorage/OneDrive-TheHongKongPolytechnicUniversity/Y4_SEM1/FYP/Images_UAV-VisLoc/03_0706.JPG,0,"building,road,vegetation",high,0,2025-10-28T12:14:55.983159
/Users/henrysze/Library/CloudStorage/OneDrive-TheHongKongPolytechnicUniversity/Y4_SEM1/FYP/Images_UAV-VisLoc/03_0707.JPG,0,"building,road,vegetation",high,0,2025-10-28T12:14:58.089488
/Users/henrysze/Library/CloudStorage/OneDrive-TheHongKongPolytechnicUniversity/Y4_SEM1/FYP/Images_UAV-VisLoc/03_0708.JPG,0,"building,road,vegetation",high,0,2025-10-28T12:14:59.708497
/Users/henrysze/Library/CloudStorage/OneDrive-TheHongKongPolytechnicUniversity/Y4_SEM1/FYP/Images_UAV-VisLoc/03_0709.JPG,0,"building,road,vegetation",high,0,2025-10-28T12:15:03.969613
/Users/henrysze/Library/CloudStorage/OneDrive-TheHongKongPolytechnicUniversity/Y4_SEM1/FYP/Images_UAV-VisLoc/03_0710.JPG,0,"building,road,vegetation,vehicle",high,0,2025-10-28T12:15:06.307333
/Users/henrysze/Library/CloudStorage/OneDrive-TheHongKongPolytechnicUniversity/Y4_SEM1/FYP/Images_UAV-VisLoc/03_0717.JPG,0,"building,road,vegetation",high,0,2025-10-28T12:15:20.684355
/Users/henrysze/Library/CloudStorage/OneDrive-TheHongKongPolytechnicUniversity/Y4_SEM1/FYP/Images_UAV-VisLoc/03_0718.JPG,0,"building,road,vegetation,vehicle",high,0,2025-10-28T12:15:25.153933
/Users/henrysze/Library/CloudStorage/OneDrive-TheHongKongPolytechnicUniversity/Y4_SEM1/FYP/Images_UAV-VisLoc/03_0719.JPG,0,"building,road,vegetation,vehicle",high,0,2025-10-28T12:15:27.529947
/Users/henrysze/Library/CloudStorage/OneDrive-TheHongKongPolytechnicUniversity/Y4_SEM1/FYP/Images_UAV-VisLoc/03_0720.JPG,0,"building,road,vegetation,vehicle",high,0,2025-10-28T12:15:31.215907
/Users/henrysze/Library/CloudStorage/OneDrive-TheHongKongPolytechnicUniversity/Y4_SEM1/FYP/Images_UAV-VisLoc/03_0721.JPG,0,"building,road,vegetation,vehicle",high,0,2025-10-28T12:15:33.124283
/Users/henrysze/Library/CloudStorage/OneDrive-TheHongKongPolytechnicUniversity/Y4_SEM1/FYP/Images_UAV-VisLoc/03_0722.JPG,0,"building,road,vegetation,vehicle",high,0,2025-10-28T12:15:42.321259
/Users/henrysze/Library/CloudStorage/OneDrive-TheHongKongPolytechnicUniversity/Y4_SEM1/FYP/Images_UAV-VisLoc/03_0723.JPG,0,"building,road,vegetation,vehicle",high,0,2025-10-28T12:15:44.774702
/Users/henrysze/Library/CloudStorage/OneDrive-TheHongKongPolytechnicUniversity/Y4_SEM1/FYP/Images_UAV-VisLoc/03_0724.JPG,0,"building,road,vegetation,vehicle",high,0,2025-10-28T12:15:47.994546
/Users/henrysze/Library/CloudStorage/OneDrive-TheHongKongPolytechnicUniversity/Y4_SEM1/FYP/Images_UAV-VisLoc/03_0728.JPG,0,"building,road,vegetation,vehicle",high,0,2025-10-28T12:15:53.418443
/Users/henrysze/Library/CloudStorage/OneDrive-TheHongKongPolytechnicUniversity/Y4_SEM1/FYP/Images_UAV-VisLoc/03_0732.JPG,0,"building,road,vegetation,vehicle",high,0,2025-10-28T12:23:14.044466
/Users/henrysze/Library/CloudStorage/OneDrive-TheHongKongPolytechnicUniversity/Y4_SEM1/FYP/Images_UAV-VisLoc/03_0733.JPG,0,"building,road,vegetation",high,0,2025-10-28T12:23:17.169864
/Users/henrysze/Library/CloudStorage/OneDrive-TheHongKongPolytechnicUniversity/Y4_SEM1/FYP/Images_UAV-VisLoc/03_0738.JPG,0,"building,road,vegetation,vehicle",high,0,2025-10-28T12:23:29.726609
/Users/henrysze/Library/CloudStorage/OneDrive-TheHongKongPolytechnicUniversity/Y4_SEM1/FYP/Images_UAV-VisLoc/03_0739.JPG,0,"building,road,vegetation,vehicle",high,0,2025-10-28T12:23:32.262716
/Users/henrysze/Library/CloudStorage/OneDrive-TheHongKongPolytechnicUniversity/Y4_SEM1/FYP/Images_UAV-VisLoc/03_0742.JPG,0,"building,road,vegetation,vehicle",high,0,2025-10-28T12:36:46.334182
/Users/henrysze/Library/CloudStorage/OneDrive-TheHongKongPolytechnicUniversity/Y4_SEM1/FYP/Images_UAV-VisLoc/03_0743.JPG,0,"building,road,vegetation,vehicle",high,0,2025-10-28T12:36:49.981911
/Users/henrysze/Library/CloudStorage/OneDrive-TheHongKongPolytechnicUniversity/Y4_SEM1/FYP/Images_UAV-VisLoc/03_0744.JPG,0,"building,road,vegetation,vehicle",high,0,2025-10-28T12:36:53.463658
/Users/henrysze/Library/CloudStorage/OneDrive-TheHongKongPolytechnicUniversity/Y4_SEM1/FYP/Images_UAV-VisLoc/03_0746.JPG,0,"building,road,vegetation",high,0,2025-10-28T12:37:02.171745
/Users/henrysze/Library/CloudStorage/OneDrive-TheHongKongPolytechnicUniversity/Y4_SEM1/FYP/Images_UAV-VisLoc/03_0751.JPG,0,"building,road,vegetation,vehicle",high,0,2025-10-28T12:37:08.346930
/Users/henrysze/Library/CloudStorage/OneDrive-TheHongKongPolytechnicUniversity/Y4_SEM1/FYP/Images_UAV-VisLoc/03_0752.JPG,0,"building,road,vegetation,vehicle",high,0,2025-10-28T12:37:10.327804
/Users/henrysze/Library/CloudStorage/OneDrive-TheHongKongPolytechnicUniversity/Y4_SEM1/FYP/Images_UAV-VisLoc/03_0753.JPG,0,"building,road,vegetation,vehicle",high,0,2025-10-28T12:37:12.308643
/Users/henrysze/Library/CloudStorage/OneDrive-TheHongKongPolytechnicUniversity/Y4_SEM1/FYP/Images_UAV-VisLoc/03_0754.JPG,0,"building,road,vegetation,vehicle",high,0,2025-10-28T12:37:14.626564
/Users/henrysze/Library/CloudStorage/OneDrive-TheHongKongPolytechnicUniversity/Y4_SEM1/FYP/Images_UAV-VisLoc/03_0755.JPG,0,"building,road,vegetation,vehicle",high,0,2025-10-28T12:37:16.240885
/Users/henrysze/Library/CloudStorage/OneDrive-TheHongKongPolytechnicUniversity/Y4_SEM1/FYP/Images_UAV-VisLoc/03_0756.JPG,0,"building,road,vegetation,vehicle",high,0,2025-10-28T12:37:20.718598
/Users/henrysze/Library/CloudStorage/OneDrive-TheHongKongPolytechnicUniversity/Y4_SEM1/FYP/Images_UAV-VisLoc/03_0757.JPG,0,"building,road,vegetation",high,0,2025-10-28T12:37:22.856482
/Users/henrysze/Library/CloudStorage/OneDrive-TheHongKongPolytechnicUniversity/Y4_SEM1/FYP/Images_UAV-VisLoc/03_0758.JPG,0,"building,road,vegetation",high,0,2025-10-28T12:37:25.539657
/Users/henrysze/Library/CloudStorage/OneDrive-TheHongKongPolytechnicUniversity/Y4_SEM1/FYP/Images_UAV-VisLoc/03_0759.JPG,0,"building,road,vegetation",high,0,2025-10-28T12:37:28.857442
/Users/henrysze/Library/CloudStorage/OneDrive-TheHongKongPolytechnicUniversity/Y4_SEM1/FYP/Images_UAV-VisLoc/03_0760.JPG,0,"building,road,vegetation,vehicle",high,0,2025-10-28T12:37:30.361162
/Users/henrysze/Library/CloudStorage/OneDrive-TheHongKongPolytechnicUniversity/Y4_SEM1/FYP/Images_UAV-VisLoc/03_0761.JPG,0,"building,road,vegetation,vehicle",high,0,2025-10-28T12:37:39.191076
/Users/henrysze/Library/CloudStorage/OneDrive-TheHongKongPolytechnicUniversity/Y4_SEM1/FYP/Images_UAV-VisLoc/03_0762.JPG,0,"building,road,vegetation,vehicle",high,0,2025-10-28T12:37:45.328908
/Users/henrysze/Library/CloudStorage/OneDrive-TheHongKongPolytechnicUniversity/Y4_SEM1/FYP/Images_UAV-VisLoc/03_0763.JPG,0,"building,road,vegetation,vehicle",high,0,2025-10-28T12:37:49.706179
/Users/henrysze/Library/CloudStorage/OneDrive-TheHongKongPolytechnicUniversity/Y4_SEM1/FYP/Images_UAV-VisLoc/03_0764.JPG,0,"building,road,vegetation",high,0,2025-10-28T12:37:53.820535
/Users/henrysze/Library/CloudStorage/OneDrive-TheHongKongPolytechnicUniversity/Y4_SEM1/FYP/Images_UAV-VisLoc/03_0765.JPG,0,"building,road,vegetation",high,0,2025-10-28T12:37:55.748950
/Users/henrysze/Library/CloudStorage/OneDrive-TheHongKongPolytechnicUniversity/Y4_SEM1/FYP/Images_UAV-VisLoc/03_0766.JPG,0,"building,road,vegetation,vehicle",high,0,2025-10-28T12:37:57.369156
/Users/henrysze/Library/CloudStorage/OneDrive-TheHongKongPolytechnicUniversity/Y4_SEM1/FYP/Images_UAV-VisLoc/03_0767.JPG,0,"building,road,vegetation,vehicle",high,0,2025-10-28T12:37:59.455657
/Users/henrysze/Library/CloudStorage/OneDrive-TheHongKongPolytechnicUniversity/Y4_SEM1/FYP/Images_UAV-VisLoc/03_0768.JPG,0,"building,road,vegetation,vehicle",high,0,2025-10-28T12:38:01.837505
