laplacian_var,edge_density,texture_score,local_var_mean,local_var_std,high_freq_ratio,mean_intensity,std_intensity,label,filename
2090.5439635706207,0.17496464829586658,231.14571606522458,1014.531544409057,999.0400142352338,0.7277421914365592,78.7214847715736,46.63665860676878,1,9999938_00000_d_0000316_blurry.jpg
1806.3856624807665,0.17041696881798404,229.54927955093595,844.8185996741288,829.5452901759926,0.7310123589087569,77.44936820159536,47.06894209433666,1,9999938_00000_d_0000317_blurry.jpg
895.3448872338123,0.12374637418419145,220.5867292207659,753.2103337650151,891.5716851794074,0.6577982573506219,75.90657088469905,45.45668141244279,1,9999938_00000_d_0000318_blurry.jpg
885.5761990317709,0.1268391950688905,221.57265615665375,657.3935052359751,794.5766119088576,0.6855302327223654,76.48333575054387,49.91440931708201,1,9999938_00000_d_0000319_blurry.jpg
1448.7686282539785,0.12687998549673676,220.19097343089072,737.7804704996967,840.3956245255163,0.7101659565368281,78.98077955039884,42.14929294331582,1,9999938_00000_d_0000320_blurry.jpg
1254.2524927517732,0.12275471356055112,223.4614964790415,668.506581920986,823.8470896035496,0.7180349123364796,72.38894035532995,46.52566691699859,1,9999938_00000_d_0000321_blurry.jpg
1713.2167572474036,0.1637273386511965,230.86503778913664,825.9700956815897,888.8122140327282,0.7262002267318047,83.41880710659899,49.139267606589634,1,9999938_00000_d_0000322_blurry.jpg
1486.174082652953,0.1594225888324873,228.545310399772,841.8636845655219,960.1828546673106,0.7220355045374489,83.44019216823786,45.0884633841896,1,9999938_00000_d_0000323_blurry.jpg
1585.1416441857639,0.15433194343727338,226.67595985273965,1063.409046795017,1246.3433177542956,0.709252679015553,78.65891134880349,44.88294382889922,1,9999938_00000_d_0000324_blurry.jpg
1309.6016775990765,0.1355221174764322,220.86468352472338,1138.8237959044848,1336.6700794018213,0.6805713345804274,78.94880801305294,45.7129962250259,1,9999938_00000_d_0000325_blurry.jpg
1372.9626415918794,0.13700235678027556,219.45333979041902,1573.0152364812157,1629.568249940094,0.6271712671648867,77.88802574329225,49.254195974395735,1,9999938_00000_d_0000326_blurry.jpg
1615.0110954682286,0.13766134880348077,224.31224144806885,1127.208793364754,1290.311421282143,0.7048786959735038,77.38633248730964,44.33092451860303,1,9999938_00000_d_0000327_blurry.jpg
1635.4691506181157,0.1433112762871646,226.35949066627467,680.4181336506392,791.2162496543726,0.7319486457170753,77.53945612762871,41.68707897030219,1,9999938_00000_d_0000328_blurry.jpg
2063.9039246297684,0.19484590282813632,235.80970042812976,1022.6050772713136,1016.7860211793442,0.7222297350492652,91.04196065989848,49.795760860467375,1,9999938_00000_d_0000329_blurry.jpg
2199.258891765859,0.16959390862944163,228.0732547909089,1374.4034801130147,1245.8504995825067,0.7223828742459105,79.74769216823785,49.286227028406906,1,9999938_00000_d_0000330_blurry.jpg
2755.1722684050114,0.20821337926033356,232.44830801175362,1682.5295650524686,1145.5046971399663,0.7220601115700676,81.28480601885424,53.37732100676651,1,9999938_00000_d_0000331_blurry.jpg
1365.79346238977,0.1341198332124728,223.24143315242975,896.0808499497036,1095.3159102395898,0.7106829100459185,77.53733230601885,43.07184063663372,1,9999938_00000_d_0000332_blurry.jpg
659.9270123121261,0.11968455402465555,212.90342430696694,758.378677637078,811.1000922825938,0.6347739775479648,76.44517675852067,43.59616451480614,1,9999938_00000_d_0000334_blurry.jpg
657.1104201814085,0.11249002900652647,216.65870687065546,810.3608446102734,879.1057603372452,0.6255500892318994,87.72370920957215,43.2693903041544,1,9999938_00000_d_0000335_blurry.jpg
1935.5384336078032,0.1323703770848441,213.78016142153137,877.4379825268605,1029.6304229474924,0.7246004673306571,63.48415609137056,43.04544299125706,1,9999938_00000_d_0000336_blurry.jpg
1991.4536547049343,0.1554894851341552,225.111591096881,889.1917462552241,978.8523855452515,0.7266184405658395,79.94499002900653,45.30592024429345,1,9999938_00000_d_0000337_blurry.jpg
722.600954925374,0.11326414068165337,212.11928649986658,924.9808580699818,1011.8855752970996,0.62681602752643,81.94577592458303,42.72372399521611,1,9999938_00000_d_0000338_blurry.jpg
1806.3568068065915,0.09361493836113126,213.14805755765389,866.3631709028584,989.629037574849,0.7396816532806474,80.69410623640319,39.94575995834931,1,9999938_00000_d_0000339_blurry.jpg
1917.9915296096362,0.12057650471356055,216.20888395763708,1046.2166551406992,1092.1849196570402,0.7363840626026712,77.3932840826686,41.89128548000962,1,9999938_00000_d_0000340_blurry.jpg
1889.417147931063,0.1274791515591008,214.27555818476606,879.1019834344701,922.7063675958447,0.7440205803103348,78.00250181290791,41.003006189590195,1,9999938_00000_d_0000341_blurry.jpg
1687.6552855225034,0.09899836838288614,212.31753994952265,791.441074596819,874.803024786139,0.7496860617759693,76.9388542422045,40.107106707875886,1,9999938_00000_d_0000342_blurry.jpg
2158.979895325797,0.1296437635968093,211.92061338050775,1018.450644457063,1092.5163276764952,0.7426128575735479,72.80020304568528,45.37316877678231,1,9999938_00000_d_0000343_blurry.jpg
1459.8236557082269,0.15412799129804206,217.4957941667493,1005.1245060983555,1009.9722297949991,0.7096265158123355,81.93439630166787,45.795939955271336,1,9999938_00000_d_0000344_blurry.jpg
1794.562429424586,0.15821337926033358,220.7547127366148,969.9133916252343,977.526616715079,0.7310302081649872,85.76497371283538,47.37514430198039,1,9999938_00000_d_0000345_blurry.jpg
1541.971798670457,0.11986584481508339,211.11898755140865,899.615217341009,996.6813776800136,0.7198975395493804,77.03769941986947,41.28635961090847,1,9999938_00000_d_0000346_blurry.jpg
864.5961762754874,0.09150471356055112,209.64983335854436,789.7628825976867,1108.7043202711707,0.6772809888239248,80.98180203045685,37.92257766684274,1,9999938_00000_d_0000347_blurry.jpg
1886.6976612264084,0.15166062364031907,215.88626958383813,1029.1844993358434,989.5257289819231,0.731362632020084,81.82871827411168,47.588227315498735,1,9999938_00000_d_0000348_blurry.jpg
1623.654810690863,0.15014684554024654,222.27272296933918,912.5601764002512,976.6029004436609,0.7214587649544806,82.51491751269036,45.57309656609122,1,9999938_00000_d_0000349_blurry.jpg
1377.9023286225024,0.14928752719361857,223.19628369424342,846.0216899759085,842.4081725360898,0.7034624784689625,79.72565536620739,45.63150819482422,1,9999938_00000_d_0000350_blurry.jpg
894.242807987969,0.10543963016678752,205.59615912297767,898.0169520683066,1068.7788787538877,0.6221198622899297,82.8416343364757,44.5437562321043,1,9999938_00000_d_0000351_blurry.jpg
1135.7112731845086,0.12867113850616388,217.40571853153727,846.7489583640136,938.5637050815617,0.6872503271433515,81.31770939086294,46.37056727534896,1,9999938_00000_d_0000352_blurry.jpg
720.8833946246749,0.11402465554749819,216.28162445941973,839.8012110974438,947.599113032127,0.6413364920619312,85.68590192168237,50.962736318312466,1,9999938_00000_d_0000353_blurry.jpg
879.7787373050227,0.11598531544597535,212.2532527858169,780.4576302277026,974.0464272295119,0.6484998153549574,77.39753625815808,44.634164351536796,1,9999938_00000_d_0000354_blurry.jpg
952.5609774442704,0.13389684554024656,226.5339058662667,757.9456357346024,832.8150782772727,0.6748902029472574,80.38589285714286,46.691653509794776,1,9999938_00000_d_0000355_blurry.jpg
1266.0190424147788,0.1349746192893401,226.32923909083956,804.4777075911677,903.0298537634663,0.6968988181525843,86.97200416968818,49.5569051644896,1,9999938_00000_d_0000356_blurry.jpg
1790.6320349762843,0.14930112400290066,224.80118856143545,1003.6070497904637,944.0853659599842,0.7070369351739041,79.8643237853517,47.01657999735713,1,9999938_00000_d_0000358_blurry.jpg
1700.5948059182003,0.12432559825960841,226.1040686345636,950.1250133634537,1156.8625323586286,0.7116738496926025,86.51719452501813,52.99129816435041,1,9999938_00000_d_0000359_blurry.jpg
1751.2246281532612,0.09930203045685279,215.21176025974728,790.3962243388789,1029.0823031046423,0.7128444711126105,68.28817168237853,45.853640360909296,1,9999938_00000_d_0000360_blurry.jpg
1673.5989502581713,0.1245241116751269,221.1038997605934,958.8130305617354,1108.4939951917513,0.7010758889448446,80.52347625090646,48.966216672942814,1,9999938_00000_d_0000361_blurry.jpg
1581.4030902439326,0.12984862218999274,225.20195564114778,845.7901447161223,973.1702413707598,0.7182852655927016,78.47626269035533,49.04574275628289,1,9999938_00000_d_0000362_blurry.jpg
1969.8374927935922,0.18165246555474981,234.37740847384987,870.687317609787,941.2973674219645,0.7336696279495044,82.07329949238579,46.26235750781396,1,9999938_00000_d_0000363_blurry.jpg
1669.0254078950743,0.11944615663524293,223.14178616025742,793.4551507105199,947.5151135207028,0.7319408788466981,76.21829314720812,48.07330219002629,1,9999938_00000_d_0000364_blurry.jpg
1723.4908938168733,0.13652465554749818,223.66416021869483,966.0811864183854,1143.3435191516242,0.7219761852327935,83.54157904278463,54.35001396597114,1,9999938_00000_d_0000366_blurry.jpg
1776.0562895006806,0.11418781725888325,220.1547523193663,935.5394137201383,1205.2804534842119,0.7146284732079374,70.68447516316171,48.59469923921595,1,9999938_00000_d_0000367_blurry.jpg
1886.3120241105512,0.13901831036983323,225.980590678397,883.4779953217321,966.8480199846083,0.7370000493066258,80.67854423495287,48.03561633870808,1,9999938_00000_d_0000368_blurry.jpg
866.1040741125034,0.11563723712835387,219.90973279231963,725.2321961822436,830.3270345555217,0.6776398404063645,81.46300126903553,46.159200050428765,1,9999938_00000_d_0000369_blurry.jpg
2274.2393216974488,0.17285170413343,232.5245573926463,1094.171393447144,1115.576471986655,0.7191716018325881,89.41898839738941,51.79491046452486,1,9999938_00000_d_0000370_blurry.jpg
2090.746959080268,0.15564539521392312,229.09852769867655,997.2669528889102,1001.4877858470879,0.7311849064765182,80.05227519941987,48.1173331883932,1,9999938_00000_d_0000371_blurry.jpg
1704.9063788795693,0.1400761421319797,224.81812894059817,925.5671679354454,1148.0057869948064,0.7127718763404771,75.72138506163887,47.09749651053107,1,9999938_00000_d_0000372_blurry.jpg
1987.5097688468263,0.16519035532994925,233.67096233815272,1138.1181339487548,1103.666001684836,0.7010917604314284,102.6075607324148,51.172509774777346,1,9999938_00000_d_0000374_blurry.jpg
596.9827060633912,0.1028834300217549,207.03615509797447,548.8977479001348,642.5610288673639,0.6609923889205438,68.05812545322698,47.66173100693517,1,9999938_00000_d_0000375_blurry.jpg
892.8672951202377,0.12927302393038434,220.50983770389993,703.5417675232702,752.9040746576385,0.6787257365590806,79.5357822697607,46.229033911703645,1,9999938_00000_d_0000376_blurry.jpg
623.4331099849348,0.12236040609137055,222.64052535278563,755.0256190170613,850.1956310584553,0.6234008784442989,80.23354967367658,48.314528416877714,1,9999938_00000_d_0000377_blurry.jpg
1512.497710385871,0.15282088469905727,224.252835958819,956.1639395175978,839.6708306002839,0.7013432242051164,77.55983774474257,43.98245163044006,1,9999938_00000_d_0000378_blurry.jpg
812.3725419451669,0.11611312545322698,216.82295771699208,918.1157985925674,924.8496802196397,0.5756805228161915,88.63821247280639,42.79041334434216,1,9999938_00000_d_0000379_blurry.jpg
761.2404177362602,0.10616026105873821,217.6088101161322,891.3345434970634,979.1871714965237,0.6075106917913355,83.83157451051487,45.69901116471966,1,9999938_00000_d_0000380_blurry.jpg
1836.8112033205591,0.14987128353879622,225.97067240362662,891.8228296716084,847.5022267286183,0.7236839599501788,77.82596174764322,48.78871257975538,1,9999938_00000_d_0000381_blurry.jpg
2095.1308549895552,0.19085206671501087,236.89834847932877,1611.2287932643594,1330.8950124130065,0.6657327178900103,104.23173042059463,51.54356017241266,1,9999938_00000_d_0000382_blurry.jpg
1090.9410863968194,0.1297044960116026,222.59430203847734,1041.087728703669,1036.2651463107527,0.6311540612309879,82.94437998549674,46.65410508575155,1,9999938_00000_d_0000383_blurry.jpg
1525.6236711337608,0.14834753444525017,226.01866510626877,1041.6660973905593,984.2716403116931,0.67054718857017,80.15321247280639,44.93656827206719,1,9999938_00000_d_0000384_blurry.jpg
436.16247223966604,0.09183556925308195,202.29376195609265,537.7279338004977,714.2895275365954,0.621541766372986,62.680092458303115,40.882384688291594,1,9999938_00000_d_0000388_blurry.jpg
820.2688396227783,0.145462291515591,224.96007554960295,839.0040623356206,790.894117623214,0.6440253334892169,94.47941896301668,51.9736668303149,1,9999938_00000_d_0000389_blurry.jpg
887.118519435614,0.14032541696881798,213.76127925223352,847.3079883775046,867.3452452192076,0.6597847126513254,81.10913705583756,51.16288816831771,1,9999938_00000_d_0000392_blurry.jpg
1025.3115366419845,0.13531000725163161,220.29718431156715,887.8144886299622,919.149532129824,0.6749796229480015,79.03427664974619,46.76136620874989,1,9999938_00000_d_0000393_blurry.jpg
1105.3907189105494,0.13664340101522843,220.16189118639045,940.5372920988142,909.6145480244173,0.6698773104220358,81.3987916968818,49.78107428483134,1,9999938_00000_d_0000395_blurry.jpg
890.2547446657246,0.1601894488759971,224.33552264246268,854.8006671038709,835.6148988548852,0.6601289846074353,77.60527374909354,45.65225868953919,1,9999938_00000_d_0000396_blurry.jpg
1440.4399347253734,0.11084118926758521,213.7808095022641,862.4611164229785,1036.3948273617937,0.6917493834004881,74.68146664249456,49.766853503498325,1,9999938_00000_d_0000397_blurry.jpg
687.6616415508295,0.12614303843364758,210.13484588252084,878.8607643731805,940.5108118379131,0.623018840063949,82.00259245830311,45.772731750321036,1,9999938_00000_d_0000398_blurry.jpg
390.6287862055644,0.12036076867295141,210.13080246409535,503.70660794982615,472.68277006437467,0.6250060633343758,70.44276287164612,33.54111727505616,1,9999938_00000_d_0000399_blurry.jpg
877.6364455012068,0.1497507251631617,215.83743437427768,741.9157570766848,740.9383694162809,0.6656864703723716,64.43588288614939,43.98908544274656,1,9999938_00000_d_0000403_blurry.jpg
1777.3626095714626,0.13948875997099347,216.27887877681582,840.7071838739306,822.7705431231801,0.723512850068277,66.0231118564177,44.042662891403445,1,9999938_00000_d_0000404_blurry.jpg
1013.3798440179304,0.12391769398114576,214.9614476291929,793.1723546843197,907.3465357031143,0.6873127036935692,67.09562092095722,43.10017441363482,1,9999938_00000_d_0000405_blurry.jpg
1380.9028058804342,0.13779459753444526,219.8472234738805,844.8844268765561,888.1198451530113,0.6921570451257575,66.03740391588107,44.80304146014846,1,9999938_00000_d_0000406_blurry.jpg
1810.9563541505433,0.14087926033357506,220.00331703721153,854.8461075947266,870.5018153194824,0.7219172645998179,66.91020485859319,42.37404013422233,1,9999938_00000_d_0000408_blurry.jpg
1451.0017661222194,0.12906816533720086,217.580871651425,865.4402288577353,946.228190163813,0.7059035396165524,70.16825688905004,43.177364604223584,1,9999938_00000_d_0000409_blurry.jpg
583.1785893712027,0.10587472806381436,208.70493467187595,896.5570669007856,1104.4495355399843,0.6002556831892363,63.79663796229151,46.5191322322581,1,9999938_00000_d_0000410_blurry.jpg
499.03706716059634,0.10907360406091371,208.65039478486017,790.9491081256275,987.8943001912612,0.6018122985435296,66.50463197969543,46.15161951243864,1,9999938_00000_d_0000411_blurry.jpg
265.3245209165655,0.06704858593183466,192.7769973230704,530.1069636187813,799.5396056218518,0.5755227275099796,60.138511602610585,44.32165415469901,1,9999938_00000_d_0000412_blurry.jpg
1255.4374736796397,0.12544778825235678,213.10557086744996,779.1470245584961,890.7802519868741,0.7073544361915544,62.42999546773024,43.86652646751937,1,9999938_00000_d_0000413_blurry.jpg
1423.7099091715522,0.11453498912255257,212.59261844742903,749.8512525225794,906.5684837455539,0.7085326315076587,59.05837472806382,42.73757451369381,1,9999938_00000_d_0000414_blurry.jpg
1361.2931713095415,0.11521482958665699,210.26909831428515,868.3903909884682,985.2016549467111,0.6949499376436789,62.14912708484409,43.853375527948074,1,9999938_00000_d_0000415_blurry.jpg
1597.2687432429548,0.1578770848440899,219.89391604421985,909.4828798003899,984.566606710488,0.7117541983671887,63.505492204496015,44.99989711456626,1,9999938_00000_d_0000416_blurry.jpg
1161.8148105478624,0.109641950688905,203.9024182818721,715.9565362606862,883.3660340789776,0.7060153102543333,59.889990029006526,48.318632741379126,1,9999938_00000_d_0000417_blurry.jpg
500.18923563399886,0.10163977519941987,200.6593865797339,683.9491355871969,880.7318927350366,0.6114114239868106,60.63454949238579,44.97351640059764,1,9999938_00000_d_0000418_blurry.jpg
778.4301911568447,0.12685007251631616,210.06842211322606,750.0210849444071,972.3613461629279,0.6518311314802112,62.12035079767948,47.44221910161041,1,9999938_00000_d_0000419_blurry.jpg
961.578050184353,0.10427302393038433,202.3807908474875,660.4837606803392,865.6485467138101,0.6909157291615144,55.90542331399565,43.00111257511706,1,9999938_00000_d_0000421_blurry.jpg
1452.8761477187993,0.13699238578680203,213.62551425150846,693.9701496713845,714.1441383088473,0.7149813693978512,61.74070884699057,39.88670560085127,1,9999938_00000_d_0000422_blurry.jpg
760.1270741862876,0.14512871646120376,217.67952472478396,845.5339559658553,817.4804580037741,0.6431132728941368,61.86924220449601,38.952894912327594,1,9999938_00000_d_0000423_blurry.jpg
532.7854022793863,0.10550761421319797,207.20558510214585,738.2805472298186,853.7146687838397,0.6053542006721532,63.24440989847716,43.154462947065824,1,9999938_00000_d_0000424_blurry.jpg
1675.9473399870133,0.14436548223350254,216.1176067518149,818.6142927990403,980.7003562693783,0.7130693563022953,62.27007704858593,43.022897589740154,1,9999938_00000_d_0000425_blurry.jpg
1548.1461914857662,0.13817893401015227,213.26462815584028,802.3815646439559,975.0138208862011,0.7261036895809945,57.03738397389412,40.52886486277448,1,9999938_00000_d_0000426_blurry.jpg
1360.1367195022872,0.13514050036258157,203.03407239745405,800.2862135384433,999.1264064596514,0.7091469807699293,51.02350344452502,42.30012702742876,1,9999938_00000_d_0000427_blurry.jpg
422.63166046311767,0.09900290065264684,204.29277647481203,714.8630199339963,881.0835978759852,0.6011739773591707,54.85527556200145,41.14696300611686,1,9999938_00000_d_0000428_blurry.jpg
1239.335599990469,0.13993564176939813,215.2734037106893,865.9504752223805,909.5174844908793,0.6977691188725827,57.41477882523568,42.299015230742704,1,9999938_00000_d_0000429_blurry.jpg
1419.1615246459637,0.14802755620014504,216.362680532775,807.7627750986306,888.0417295936112,0.7157135507823236,56.98837654097172,39.74456291063678,1,9999938_00000_d_0000430_blurry.jpg
233.1089995942682,0.08471627991298042,200.5714151227384,572.6727955627811,813.0398183674665,0.5569518287824491,59.74680746918057,37.88236055551545,1,9999938_00000_d_0000431_blurry.jpg
216.01753391147102,0.07016316171138506,191.13168900340202,515.1657167442086,704.081433775351,0.5612030664425246,60.11695794053662,37.382694276295965,1,9999938_00000_d_0000432_blurry.jpg
977.5909747535943,0.08755529369108049,193.13087004232275,686.2524365667225,882.8474659789737,0.6954991653493136,55.89463016678753,38.16387666897744,1,9999938_00000_d_0000433_blurry.jpg
1011.3823939303536,0.08689358230601886,190.42895657454955,651.9175446393878,820.3304029410881,0.7048778070394596,56.66016406816534,40.557058953251875,1,9999938_00000_d_0000434_blurry.jpg
841.778460840348,0.07751903553299493,183.23701417314072,610.3733761680219,973.230604550959,0.68624832583898,52.5541307106599,42.60078575083358,1,9999938_00000_d_0000435_blurry.jpg
549.3614841381702,0.06273386511965193,168.02959661127932,475.81191427301064,827.7279672705006,0.6583642695996517,50.621950688905,40.06299007456576,1,9999938_00000_d_0000436_blurry.jpg
561.950080402228,0.063287708484409,161.48114032996062,437.203067779541,763.9521930686085,0.6784899866488383,43.03655456852792,38.281148820604955,1,9999938_00000_d_0000437_blurry.jpg
1054.182230494241,0.06840192168237853,172.6248698072943,443.2681802169297,649.888278626649,0.7262714815087893,49.46852882523568,38.85616427690112,1,9999938_00000_d_0000438_blurry.jpg
842.7921380691436,0.06355964467005076,165.26521273938863,483.4421907580176,751.302289593527,0.724498417267708,45.95496192893401,36.676153652906066,1,9999938_00000_d_0000439_blurry.jpg
1157.7326058475865,0.09896573604060914,193.50242662736747,733.4674729783405,896.7877068723297,0.7148027976201791,60.48303843364757,37.27846760098919,1,9999938_00000_d_0000440_blurry.jpg
728.8475579202911,0.08738850616388688,190.45362559487023,642.3696406793225,885.112402631928,0.6781718363862954,53.035901015228426,35.85924575191077,1,9999938_00000_d_0000441_blurry.jpg
751.6985677577647,0.057572516316171135,154.81394839267824,418.6551559590554,642.0590990138817,0.720565366155076,40.45793419144307,36.602381417936805,1,9999938_00000_d_0000442_blurry.jpg
464.9283892188962,0.06264050036258158,181.96703268721694,516.2004438574,769.7242262946047,0.6138288201152123,52.62342367657723,36.56293691914957,1,9999938_00000_d_0000443_blurry.jpg
746.2271189935435,0.08148295866569978,182.8530586391617,625.0775631666183,932.3043520847422,0.6715017380319107,52.75124184191443,42.562094736470684,1,9999938_00000_d_0000444_blurry.jpg
513.933414608777,0.07116569978245105,176.00039737583228,597.8558017052421,865.9211460087306,0.6046804955525487,57.82254985496737,48.48831859604189,1,9999938_00000_d_0000445_blurry.jpg
858.3887860689129,0.09784082668600436,190.64452798408382,757.9748529759488,1092.700110249343,0.6701775546130684,59.52654369108049,46.749382858043724,1,9999938_00000_d_0000446_blurry.jpg
419.8650684947888,0.08037345902828136,185.79724959920503,546.5453162599904,708.489966312615,0.6236381884347482,56.5572044960116,38.879392170530586,1,9999938_00000_d_0000447_blurry.jpg
457.3445835872733,0.06055746918056563,166.69283802385974,574.6809788665106,861.2885701397927,0.5763460143506747,56.56450688905004,44.95909029401102,1,9999938_00000_d_0000448_blurry.jpg
462.43386857924304,0.07887871646120377,185.77782302464607,491.69855070391367,594.338644296721,0.6608641041673862,52.24030638143582,38.250879704468744,1,9999938_00000_d_0000449_blurry.jpg
888.8379840416646,0.07522389412617839,175.4325413191296,559.6913806468017,850.4756856211841,0.6869718465197164,47.049606598984774,38.43588722515778,1,9999938_00000_d_0000450_blurry.jpg
182.86776558478874,0.04174583031182016,164.6706158511246,327.11848239196365,469.305171944265,0.5814621776341992,46.04069343727339,35.66920608374397,1,9999938_00000_d_0000451_blurry.jpg
239.97451469834476,0.044785170413343005,164.02721642643817,364.8915902413139,677.7308400273712,0.5899261997056924,42.96583031182016,33.51972139215375,1,9999938_00000_d_0000452_blurry.jpg
313.3604749069325,0.06134608411892676,182.22194523458322,560.0064805320991,949.5797104828273,0.5852328374105978,50.44794053662074,40.920625160930356,1,9999938_00000_d_0000453_blurry.jpg
417.2404847327182,0.07532360406091371,192.94758183189356,595.6705738241359,879.800362727533,0.6159364310733166,56.22208212472806,45.0401406927176,1,9999938_00000_d_0000454_blurry.jpg
374.90536164126695,0.06285261058738216,191.62273179330816,574.2656424692435,870.1629619283385,0.6060385329820709,63.11903462654097,48.76986934009039,1,9999938_00000_d_0000455_blurry.jpg
564.4063646817905,0.07417422044960116,196.38289360028455,666.0891768932343,973.0814021255654,0.6436192074288114,62.641958846990576,51.292176422813505,1,9999938_00000_d_0000456_blurry.jpg
604.0873466111955,0.08204314720812182,197.55087546365692,624.4493405597154,993.8937719581286,0.661586645118457,58.50465645395214,42.59480963998637,1,9999938_00000_d_0000457_blurry.jpg
275.4082187109046,0.04773386511965192,168.9140892085926,492.876513928406,804.8744354991305,0.5759222222587167,52.589997280638144,50.65646496301277,1,9999938_00000_d_0000458_blurry.jpg
428.39488383577327,0.06254713560551124,193.92142623705317,787.6288764227269,1000.6704719309332,0.5780000763596351,69.8489847715736,52.337773346898324,1,9999938_00000_d_0000459_blurry.jpg
330.4522579081689,0.05299583031182016,176.06003247253494,594.7204888033312,1039.4134171064318,0.5752089754584008,54.981748549673675,51.48905333919394,1,9999938_00000_d_0000460_blurry.jpg
330.36368285930325,0.04886693255982596,173.9681230777529,593.0588265851486,923.4537328221334,0.5527739349698929,63.90277012327774,59.23387555270688,1,9999938_00000_d_0000461_blurry.jpg
285.50419716776764,0.049582124728063816,167.26486571662542,523.0869818195816,1067.716860306468,0.5625217028713252,52.37502991298042,48.94880199162168,1,9999938_00000_d_0000462_blurry.jpg
477.9183330293671,0.06948332124728064,192.84994946238865,630.788112731867,948.3177456737387,0.6166691375859917,57.41713560551124,37.98897986828104,1,9999938_00000_d_0000463_blurry.jpg
623.6927633556942,0.07615663524292966,187.8214894592354,620.4056966387948,1137.2837295472812,0.6705309888713139,51.11921954314721,42.028181898386386,1,9999938_00000_d_0000464_blurry.jpg
977.9576129552022,0.07553208846990572,191.77381855070433,564.8538200282311,955.0293690711125,0.7022839192487011,45.02751540971719,35.39615066164962,1,9999938_00000_d_0000465_blurry.jpg
887.62667411245,0.07876359680928209,182.17776774270584,570.6007939207461,1045.2269674341214,0.6895804203462526,49.46278281363307,46.15182332052819,1,9999938_00000_d_0000466_blurry.jpg
601.313269522572,0.06551667875271937,167.96430261555486,511.281369222227,966.1255529723126,0.6731353983514671,41.33905910079768,41.52307348628051,1,9999938_00000_d_0000467_blurry.jpg
1165.9069313602038,0.09117204496011602,205.95453605442555,671.2033617745998,881.9641915827655,0.6953251834333009,58.23491841914431,40.17342559990799,1,9999938_00000_d_0000468_blurry.jpg
613.60436089737,0.06225888324873097,179.31190267415326,491.82882646257565,937.9413561294307,0.6680283873722362,47.544959209572156,46.464099981398206,1,9999938_00000_d_0000469_blurry.jpg
392.6899086243138,0.05664883973894126,173.60932955278582,565.4304422907127,1009.9217503165856,0.6125329270522626,51.2177121102248,51.4556589204686,1,9999938_00000_d_0000470_blurry.jpg
397.81068518237583,0.058176214648295865,181.23920180117048,604.4567277533139,910.0601071701578,0.6098453188380654,56.493577773749095,48.25143428470972,1,9999938_00000_d_0000471_blurry.jpg
413.34604969313244,0.07164430746918056,187.1961010711642,647.6065257686054,942.2983389102068,0.6101980626202853,58.691808375634515,44.45305288888938,1,9999938_00000_d_0000472_blurry.jpg
359.1590321466098,0.05814720812182741,182.01661149400127,492.3034059936686,777.8101073466362,0.6258400832825648,51.62011330674402,44.89788647822927,1,9999938_00000_d_0000473_blurry.jpg
250.18266035097787,0.04469361856417694,165.61840848910248,455.6330988610438,904.6913828408935,0.5782938320756216,52.51074419869471,49.88796936672572,1,9999938_00000_d_0000474_blurry.jpg
260.01590463181213,0.039213197969543145,161.4482255567392,445.6845320518627,946.9173573534879,0.5949872254615676,42.33296682378535,35.49301942201864,1,9999938_00000_d_0000475_blurry.jpg
227.98603524623923,0.04499365482233503,167.33156780513593,436.27174835426865,843.7516834279843,0.5920621613282177,42.90825326323423,34.12121041832434,1,9999938_00000_d_0000476_blurry.jpg
235.96378416083803,0.032593364757070344,155.10036837597116,344.5069198562193,731.7278796977124,0.6025660948129261,39.71755801305294,33.67437120177753,1,9999938_00000_d_0000477_blurry.jpg
141.67416686290616,0.04041153009427121,162.5630057290533,362.47205597116044,687.148090321609,0.5653929562630341,42.75930565627266,33.748552374993245,1,9999938_00000_d_0000478_blurry.jpg
169.4197724046223,0.03899383611312545,158.8055932541119,415.9453286274459,856.811866431797,0.5712869541188824,43.175736947063086,35.546978362884566,1,9999938_00000_d_0000479_blurry.jpg
463.23194256557565,0.07242204496011602,176.88350437942367,683.0339549863061,1101.2474648038433,0.6044427111116643,52.93011693255983,49.37446658788725,1,9999938_00000_d_0000480_blurry.jpg
956.6518309289472,0.15409842368319876,218.33558777043982,681.5919531265401,859.0733177127036,0.6848601865746393,116.18610438292964,41.43745504509475,0,0000006_00159_d_0000001.jpg
929.8717223186679,0.14985774702037677,216.55871545794855,732.2798565366994,994.267394375935,0.6814696843986748,126.35968569780853,40.01708317560799,0,0000006_00611_d_0000002.jpg
953.1363647199087,0.14178777393310266,212.58663024286653,697.7273233938909,1015.1994376266149,0.6852573956197098,118.75916089965398,43.35384516075219,0,0000006_01111_d_0000003.jpg
1396.961193765713,0.1751066897347174,233.36776933054838,961.6576862690612,1117.8489787215997,0.6775364956102646,113.98899942329874,50.30322110305987,0,0000006_01275_d_0000004.jpg
719.0640464241048,0.1407160707420223,229.2456593946855,698.2352649420192,1012.5036002850646,0.6491424821413931,118.05175028835063,39.81482972227616,0,0000006_01659_d_0000004.jpg
852.1893257906075,0.14700307574009996,228.34648911270574,782.1196912672702,1095.7208385175682,0.6612416616901357,114.42069492502884,45.50983117293084,0,0000006_02138_d_0000006.jpg
840.1773393131546,0.16046712802768165,229.96238849075846,610.3230132207614,989.5132734703731,0.6853510376857559,114.74189734717416,49.57570711509599,0,0000006_02616_d_0000007.jpg
1058.751305324741,0.14104382929642445,221.82024815813327,705.8794883743823,1033.6980213375932,0.6885304738077568,120.30177047289504,50.808565652408674,0,0000006_03636_d_0000009.jpg
1309.759337524029,0.1826903114186851,219.3346963017717,820.1944631296162,887.2988969684596,0.7092576989276267,129.1355786236063,46.50979284278119,0,0000006_04050_d_0000010.jpg
1104.7078662026115,0.16466935793925414,207.3955879323472,675.0459879436848,756.6417800175051,0.7048449704110045,118.61155420991926,51.39220054186078,0,0000006_04309_d_0000011.jpg
945.3611941489016,0.13853806228373702,211.14382252414742,728.770821525937,1005.8029739161907,0.6859827931987418,112.22519319492503,47.72651841116484,0,0000006_05168_d_0000013.jpg
532.1052325761458,0.09038350634371396,223.2229572971165,344.74807273082854,690.9749399410002,0.7002324795505754,109.62838043060361,37.416699953631074,0,0000006_05208_d_0000014.jpg
295.4287099392085,0.044907727797001154,200.01706063146923,315.2621593840621,766.1340929822458,0.6481693298644611,122.15055459438678,40.241286827014356,0,0000006_05575_d_0000016.jpg
851.7082801105163,0.13107074202229912,215.05725450649314,886.3492986222972,1274.4113782790969,0.6570081816893151,112.87222414455978,46.660251512980956,0,0000006_05999_d_0000017.jpg
1589.3693970298802,0.2076086120722799,231.0488222796496,823.2100647527485,1057.245694299954,0.7224956792939002,112.77492887351019,45.69405103432676,0,0000006_06773_d_0000018.jpg
1322.572653528605,0.1655161476355248,200.1202181487653,585.3132554769022,715.571221197169,0.7244922239975586,131.8323269896194,40.25060465953102,0,0000006_07596_d_0000020.jpg
507.937967560379,0.10079008073817762,202.38949645784425,422.9808042074089,598.7085389272784,0.6720881939426003,132.8326883890811,36.58616489135866,0,0000011_00234_d_0000001.jpg
619.0558242347486,0.10236928104575163,188.1467070020226,591.8957704007008,723.9932196589638,0.6546954811363385,109.18974432910419,38.23563597851184,0,0000011_01955_d_0000004.jpg
598.987442740445,0.099660707420223,189.79745058893758,500.7716482914753,679.2155484608205,0.6657171477896526,119.3509582852749,39.323880004212796,0,0000011_02800_d_0000005.jpg
891.4036843926729,0.1227354863514033,204.92234621216738,710.9112050706062,843.3238130753339,0.677743968150382,112.78550941945406,40.297829383216836,0,0000011_04202_d_0000007.jpg
693.5465676589644,0.11430988081507112,198.70109613643854,596.5044647368832,645.6823802866842,0.6685641546544253,119.68850346020761,36.270793144121086,0,0000011_05068_d_0000008.jpg
599.6384081687588,0.12373414071510958,208.39695619598245,510.0465895206538,492.70882889134936,0.6653014233557366,105.86577181853133,36.2965070280034,0,0000011_06000_d_0000009.jpg
517.9403784673499,0.09474048442906574,193.73680534246978,438.45124390998984,477.2218693081725,0.6808955881358393,108.49732987312572,35.420099834718286,0,0000011_06595_d_0000010.jpg
574.6494866855387,0.08991253364090734,187.28618181985917,449.1405325617109,578.905966024553,0.6782179524275139,109.3624125336409,31.90879879751431,0,0000011_07307_d_0000011.jpg
199.74377880226427,0.0341087962962963,190.6922305083834,254.83612122412384,483.8731157134286,0.6273171152343835,87.13037422839506,41.339062255293,0,0000063_05000_d_0000006.jpg
321.88969028974094,0.07416618441358025,155.93668827596565,678.6972092803344,1029.3408723959292,0.5839044649417862,96.70004822530865,54.74831614008914,0,0000073_00377_d_0000001.jpg
352.9883986837987,0.07916280864197531,158.8029948406675,754.7787432433032,1117.8486168055513,0.580334524739069,105.33555073302469,55.30335856171455,0,0000073_01275_d_0000002.jpg
305.9214774082282,0.07700617283950617,169.87627497405722,796.4020207595629,1169.9533272096564,0.5618404265294633,100.15932629243827,57.01652691715832,0,0000073_03155_d_0000004.jpg
373.9052465268457,0.08015190972222222,170.57270391641146,770.0322490843002,1077.231257547736,0.5831011931925143,103.76905140817901,54.66327536162697,0,0000073_04009_d_0000005.jpg
388.06965453383185,0.08673321759259259,170.83789360287295,887.750120248192,1239.645299674802,0.5724069565176166,93.74683786651235,57.4768615203249,0,0000073_05010_d_0000006.jpg
372.3418592533294,0.08488715277777778,173.89329829405676,1007.1232849629524,1386.9192354870245,0.5588264406096354,105.97485050154322,53.642982189847714,0,0000073_05999_d_0000007.jpg
301.3368947547419,0.07559124228395062,160.82131070015913,790.588878303904,1098.1229218648334,0.5617257177433589,94.73044222608024,54.40187575635101,0,0000074_02723_d_0000005.jpg
279.37202907545105,0.07261284722222222,164.6780257530894,876.6301992780806,1308.1242032618065,0.5498417146287722,94.47550298996913,56.70263794647831,0,0000074_03738_d_0000007.jpg
577.6387213108072,0.09454137731481481,168.572056702115,1061.054061501713,1438.5306720835765,0.5915734900263342,85.0210228587963,58.38930727427063,0,0000074_05715_d_0000011.jpg
391.28818073475935,0.08530623070987654,171.33214129684518,947.101450788834,1273.1938508798069,0.5634125875223456,93.21697386188272,53.79292417722738,0,0000074_06746_d_0000013.jpg
404.28175807230554,0.08127797067901235,165.3226734853201,875.1569779454345,1278.2560182165669,0.5797884025792202,82.90046392746913,51.48918264802445,0,0000074_07297_d_0000014.jpg
538.8978816454961,0.08036024305555556,162.8068410679905,858.3758588579293,1360.7804351033958,0.6167882022000141,70.9753940007716,56.44208998913729,0,0000074_07850_d_0000015.jpg
504.8151845190721,0.08829282407407407,173.16215300410545,1150.5318310247303,1515.0738030753473,0.579441963019024,94.50343315972222,64.41767397590898,0,0000074_08202_d_0000016.jpg
472.70273079329417,0.08704185956790124,163.72439945592959,974.5769594507947,1339.9505913679561,0.5848239721953056,90.15130063657408,58.04152284383761,0,0000074_09738_d_0000019.jpg
270.9807413757071,0.06488088348765432,145.53668895986755,642.604789773562,915.1030045480643,0.5491193724493377,102.99120225694445,61.59730256674097,0,0000074_10218_d_0000020.jpg
387.966066736623,0.06896556712962963,152.00508086522612,734.5494742895556,1086.7763055697435,0.5920295292124976,93.23626350308642,59.65323713091806,0,0000074_10730_d_0000021.jpg
431.98686157822686,0.08633680555555556,170.65474296645658,859.5667362835203,1022.6805978180263,0.578133350221988,113.45330825617285,54.120762000248504,0,0000074_11362_d_0000022.jpg
443.72626159854025,0.08929976851851852,170.37129541027022,877.0358271630654,1091.7872523834467,0.5869360834947447,100.18563030478396,52.529866346899496,0,0000074_11827_d_0000023.jpg
310.0981068378779,0.07777295524691358,166.45928776064045,767.4839668435566,1156.3115844577294,0.5654930406659814,98.59275704089507,55.879065152934814,0,0000074_12322_d_0000024.jpg
331.3182507834916,0.06774016203703703,157.34629062326434,635.5677720076253,988.8866770534349,0.5934794562654703,86.33839120370371,56.42809250132153,0,0000074_13313_d_0000026.jpg
373.10864672386043,0.08039930555555555,169.81743452285178,770.961675844746,1086.5654125592691,0.5871487539155663,108.01013888888889,50.49534867365123,0,0000074_15793_d_0000031.jpg
478.69945442697093,0.07982349537037037,161.70495089653093,871.1400969367671,1262.5096906030606,0.5937152072577818,91.23609423225308,55.3825186818331,0,0000074_16210_d_0000032.jpg
534.882894059237,0.13081122645136486,214.42431921948315,520.4081318136574,542.4929650341705,0.6449061928789979,166.6797491349481,43.990958699089724,0,0000078_00490_d_0000002.jpg
155.5998437052942,0.041639753940792,186.82438504299625,216.59638298619114,483.5612997939446,0.6149077616642326,141.41509131103422,30.75228759430896,0,0000078_02363_d_0000007.jpg
465.30552536341514,0.10224240676662821,175.26877087068,376.4836652323326,467.7316559847315,0.6466321281588208,143.40048346789698,59.92527012195737,0,0000078_02778_d_0000008.jpg
597.5942656753574,0.12125816993464052,208.51638607537,418.7994963456385,500.13533332471246,0.6808745119144146,142.30652345251826,34.00742569538697,0,0000078_03171_d_0000009.jpg
596.8695814952276,0.08928681276432142,212.47766124756532,456.1157803110948,811.3184003153777,0.6774815421440146,139.6209794309881,31.81396257626332,0,0000078_03315_d_0000010.jpg
691.502218377015,0.09705594002306805,217.80001068230072,627.129169889612,1016.2533771252706,0.6587432017798043,132.84547962322185,36.75512884203256,0,0000078_03810_d_0000011.jpg
389.8806496543082,0.05566320645905421,213.32471232659194,233.86010803198963,646.0652541588533,0.6891430320106895,145.7885918877355,23.00455707652543,0,0000078_04210_d_0000012.jpg
306.93493461627764,0.05750865051903114,210.9525825632093,257.77237696084916,633.1118712540873,0.6702758907941899,136.6992416378316,27.59609638621134,0,0000078_04546_d_0000013.jpg
712.1385581545768,0.09148308342945022,222.6846517206584,460.75263154482,950.56442302862,0.6962340579653035,139.58977700884276,27.88118362437821,0,0000078_05467_d_0000015.jpg
129.14830316223325,0.04059496347558631,193.34404049514194,194.79553620217996,527.9207442810037,0.5921190741984652,133.4068396770473,23.897963251439347,0,0000078_05939_d_0000016.jpg
245.91969217264858,0.04697039600153787,204.64764040813998,249.90818870931432,668.3097225308918,0.6620468447093922,138.32133410226837,28.35544694518554,0,0000078_06777_d_0000020.jpg
976.6286416793932,0.10732831790123457,188.91842608172442,560.6844466431387,634.9084594761779,0.7132914221109045,90.53573495370371,30.096161405508465,0,0000083_00803_d_0000003.jpg
736.709307631685,0.10293016975308641,156.0589618847244,604.1737050085233,627.1642609296865,0.6711305013511916,95.6618074845679,37.467787332961926,0,0000087_00299_d_0000002.jpg
977.2058083826306,0.11916280864197532,162.89095905928545,652.0554444049967,671.0356807770129,0.6909876839193109,99.7865837191358,37.024290379496264,0,0000087_00700_d_0000003.jpg
943.2564244185841,0.11236304012345678,171.48663694833533,640.4031920741344,627.2770942047432,0.6981162678893537,98.02966049382717,37.56035492684293,0,0000087_01140_d_0000004.jpg
794.327580971841,0.10591435185185186,173.04664101539754,636.7235272485634,653.9242749786833,0.6828699068184072,105.36164930555556,41.69151049502705,0,0000087_01580_d_0000005.jpg
206.99972342813976,0.07089580930411381,183.1037904091491,497.33766140651505,752.2040151761148,0.5663148847877478,80.08730392156863,41.3431418243789,0,0000105_01748_d_0000070.jpg
130.4160489537229,0.048938869665513265,178.83324119703383,376.39104837018755,771.2872372406945,0.5408593293998323,73.22552479815455,41.90902098304453,0,0000105_02201_d_0000071.jpg
163.62804067754607,0.05746251441753172,178.33653595084417,436.8425801032325,743.2542717237876,0.5463758920153079,83.33955113417916,38.66422659780934,0,0000105_02539_d_0000072.jpg
97.17969433794725,0.03920607458669743,164.4887353306192,321.50114511012043,731.1993010084883,0.5248559326684306,70.15747789311803,33.6522278072606,0,0000105_02747_d_0000073.jpg
221.43894001803403,0.06684256055363322,144.58307677524613,663.0636286597321,1303.56706252353,0.5304581188735695,72.66112264513649,58.12252994994577,0,0000120_00559_d_0000092.jpg
418.42363151017145,0.06306612841214917,149.7254163293648,655.7555904339066,1196.0033135573203,0.593219812685998,69.93650134563629,64.48968557367213,0,0000120_01392_d_0000094.jpg
74.65721397368313,0.025201845444059977,140.2769124269871,253.86440743373294,692.0173115281382,0.5163001000863433,61.86342464436755,36.90595752300856,0,0000120_01535_d_0000095.jpg
165.33529888836182,0.0492637447135717,151.35498967783624,393.7539314937394,706.1243197607187,0.5675403010958041,56.874638600538255,38.419490580347336,0,0000120_02001_d_0000096.jpg
122.58376925643448,0.038326605151864666,147.08827964302412,283.4046594637521,644.4148255063552,0.5755485828152963,52.329887543252596,35.66705298229438,0,0000120_04920_d_0000102.jpg
1064.321075625164,0.14987172067901233,202.23034530393187,821.0279515853709,921.6229671172947,0.6825780719987368,99.23332706404321,43.069484983916354,0,0000127_00002_d_0000119.jpg
943.5782983605322,0.15349006558641975,198.369510304002,784.0004823765022,944.5779472141153,0.6738774187342278,99.3355150462963,43.097232506454944,0,0000127_00265_d_0000120.jpg
576.463409696141,0.10627411265432099,174.56127098901368,511.46805459410945,754.6781660187228,0.6657372629860542,99.06865981867284,40.70197287500982,0,0000127_01002_d_0000123.jpg
1044.4386033165829,0.1786255787037037,196.05070233038956,952.6186186879123,987.4474789922903,0.6697938136914441,133.33305266203703,65.21807442564143,0,0000152_00100_d_0000145.jpg
1531.7611626879282,0.20392698688271604,208.0276680884649,1142.5022023778483,1097.2659862101875,0.6876098565117676,135.90003038194445,61.89320192898592,0,0000152_00599_d_0000146.jpg
1187.2096734238637,0.17973090277777778,191.21257140181808,910.4013263088161,949.892359732226,0.6827409456143112,143.59824508101852,59.77708222975183,0,0000152_02214_d_0000150.jpg
818.0433416554075,0.14965422453703703,191.43204223146063,623.2060657172063,694.5646955656098,0.6810302476107182,109.40826919367284,63.8654261778903,0,0000152_03226_d_0000153.jpg
1353.6697563814441,0.1655787037037037,201.74457591707332,850.6770079690834,984.8928398047601,0.6998282890377973,101.11264467592592,52.830144581781354,0,0000164_00078_d_0000159.jpg
863.5734333904301,0.1495698302469136,212.13793961826417,772.9084870753617,803.056533949885,0.6681510162530938,87.08720679012346,46.890467109831874,0,0000187_00666_d_0000191.jpg
2398.6205820130303,0.18394097222222222,205.53653781565345,962.9305329158389,891.0045845789924,0.7328794902101767,120.53892554012346,68.92223308896043,0,0000250_02350_d_0000001.jpg
440.94562383955406,0.09931757016532103,181.5248691499209,526.7720440327504,786.9704803798146,0.6397983380314264,128.8840272971934,35.61221545246166,0,0000259_00000_d_0000001.jpg
896.3415685994809,0.16522106881968474,190.57088337748394,695.5850952871098,735.8135785499218,0.6715401675536761,172.7051633986928,53.612831586738665,0,0000265_00500_d_0000002.jpg
925.141851201834,0.13732506728181468,186.15838937056026,731.4728413852353,826.516995294385,0.6679643457477139,164.2813783160323,48.56481223807646,0,0000265_01500_d_0000004.jpg
911.5779363270212,0.15540849673202614,186.2107101339143,786.3594525990773,814.1641447321279,0.6659218200765202,174.8650980392157,50.42162139512969,0,0000265_02000_d_0000005.jpg
1049.355471031204,0.1735601691657055,216.99642255417268,967.1186072811577,854.1620311047427,0.6619821563784599,160.37726835832373,42.66039384031965,0,0000265_03000_d_0000007.jpg
868.155295389005,0.16889657823913878,210.32808081271764,841.9462110428583,737.4036501003795,0.6549614637287056,173.46840061514803,44.99428966651027,0,0000265_03500_d_0000008.jpg
1252.2814090257402,0.1900557477893118,219.2651085610883,987.9861817498138,775.0195998144984,0.6808578555621273,175.07363994617455,42.37161624259716,0,0000265_04000_d_0000009.jpg
1606.7689782677844,0.20280276816608997,223.505065433286,1081.325784685202,826.1241209686835,0.6942486652420051,162.29618512110727,45.48093363336529,0,0000265_04500_d_0000010.jpg
1190.7314812743884,0.17778162245290274,212.38882503909446,925.4599377166163,895.7740546501916,0.6807681232328006,168.8291455209535,40.29504817899308,0,0000265_05000_d_0000011.jpg
1070.1593083098935,0.12077277970011534,190.60330668433093,997.6853306189827,1270.4964881027024,0.6657235126742016,97.45231064975009,42.82759007902867,0,0000272_01500_d_0000004.jpg
833.3485535198404,0.12100538254517493,184.9108350002022,882.5034616758611,1102.5478742747675,0.6486793835731626,106.17823721645522,41.900594016987505,0,0000272_02000_d_0000005.jpg
847.5264269270929,0.12438581314878892,187.5793745050713,765.240134761447,988.4879339475026,0.6667553800262445,99.56067666282199,41.402049370109836,0,0000272_02500_d_0000006.jpg
724.106654596216,0.13559880815071126,188.10068516789596,638.3958506287995,844.259733241644,0.669251423183081,99.65460207612456,39.32051538555611,0,0000272_03500_d_0000008.jpg
514.3062626843018,0.1169357939254133,196.3389513112133,599.9592480649612,819.4209504199985,0.6456534081499038,93.74629950019224,40.86568077964078,0,0000272_04000_d_0000009.jpg
670.1399499890097,0.1297645136485967,200.3438188426739,530.7026784178139,725.7929961978467,0.6758824982226798,94.44864379084967,38.283979662452396,0,0000272_04500_d_0000010.jpg
451.56305383270956,0.08813341022683584,190.7326971427428,363.07430894330423,466.8353182093164,0.6529182802608944,128.15385044213764,42.32013169280861,0,0000278_02251_d_0000001.jpg
470.9269423520815,0.08156093810073049,183.57766524717243,392.95025508497565,530.6478531799654,0.6601655695836854,128.5153229527105,36.81547947208619,0,0000278_02351_d_0000002.jpg
445.66499708755043,0.08405132641291811,184.9758540950154,378.1830749946105,497.8784383273247,0.6542690222613113,128.1524894271434,37.02498750418567,0,0000278_02451_d_0000003.jpg
659.9905616020488,0.10372645136485967,202.20580839203862,509.7183959350823,626.0262824167646,0.670761125355798,134.63223183391003,42.848752249470316,0,0000278_02951_d_0000008.jpg
1010.4487918097685,0.11255594135802469,152.72694443369542,588.2759903416489,984.4446339828119,0.7104172196879667,180.81320167824074,61.432767994063646,0,0000282_00000_d_0000001.jpg
1079.4938399075415,0.13198543595679013,202.22629018342627,586.79569050711,802.215902538416,0.7169861958154343,174.48969232253086,44.2214715096483,0,0000282_04000_d_0000009.jpg
1207.3147375404799,0.15110246059207996,214.86075786189826,1152.7190225978322,1108.0636962156643,0.6619079302676137,108.83566801230296,52.466726031284615,0,0000294_00000_d_0000053.jpg
1537.5831620854126,0.13778738946559016,196.02204614453328,1076.8192118986299,1239.254255790406,0.6930928431175661,112.95044694348327,51.566824432546404,0,0000298_00000_d_0000070.jpg
907.0487735474377,0.11627162629757785,206.08754525806188,848.4152417084198,1166.6603396113385,0.6595967793460871,104.66231833910035,56.07792588837181,0,0000299_00000_d_0000088.jpg
971.053906137597,0.13512687427912343,209.07556735303132,801.2642982307182,961.2572123952314,0.6699102644876402,114.02973471741637,58.62671107578535,0,0000299_01200_d_0000096.jpg
1688.9277922272365,0.19939446366782007,227.17627873826578,1080.198503946419,951.9952028845511,0.6984978636084989,130.69453671664743,62.584309798044686,0,0000299_01650_d_0000099.jpg
1793.369201809258,0.20101114955786237,224.70647470074323,1126.2527031335771,1083.4392088413504,0.6992461297081175,137.96020761245674,64.1957129138081,0,0000299_01800_d_0000100.jpg
1543.4111097019497,0.17731449442522107,221.99497369391776,890.6619816724805,944.057072864518,0.7055140646655089,124.6673875432526,62.810439915810726,0,0000299_02500_d_0000102.jpg
1395.3942022174808,0.17780949634755863,223.3915246879713,863.0404935356993,949.3309961156302,0.700613239968123,111.45061899269511,61.12955042231271,0,0000299_03500_d_0000104.jpg
2348.0574641452777,0.21728085351787774,208.712959160232,1099.5545048318788,1083.3563671812972,0.7325384532868239,112.5883294886582,51.29762029978062,0,0000299_04000_d_0000105.jpg
2345.729217601458,0.21440215301806997,210.18801287531198,1107.0192317182727,1024.8773931426965,0.7368846765393505,117.64355632449058,51.89523528246772,0,0000299_04500_d_0000106.jpg
2112.8356866450004,0.18851403306420608,204.24496349955822,1165.7147449440097,1214.325553825727,0.7157348782457222,122.06820165321031,51.07492686422734,0,0000299_05000_d_0000107.jpg
1759.4531907410842,0.17021626297577855,205.34555599765343,1271.3771333714203,1263.280863191784,0.6887278476239892,108.3581353325644,56.71870821971506,0,0000299_05500_d_0000108.jpg
1702.9360549290761,0.1453239138792772,197.61452302077825,972.1204544357631,1169.3411879817654,0.6948798986739767,111.24488081507113,50.44264793996193,0,0000302_03866_d_0000117.jpg
804.3341982867166,0.12466551326412918,190.00785201281184,718.4368619385714,896.2136256231034,0.6667958964467525,112.9455584390619,38.8334899256728,0,0000310_02500_d_0000123.jpg
577.402349482557,0.10034313725490196,161.07085938826083,458.41313373968467,734.2713562376911,0.6586544639326782,111.3740676662822,31.54429735228663,0,0000310_03000_d_0000124.jpg
592.4591738784177,0.09466455209534794,200.57770538472374,504.8116252723441,783.7852136091983,0.678965362215709,113.51505286428296,34.134529999268274,0,0000310_03500_d_0000125.jpg
782.1580805612392,0.11751441753171857,190.5934687431644,762.0974020661774,1075.2321579123557,0.6624333882597179,114.57539600153787,38.65641739867251,0,0000310_04000_d_0000126.jpg
1041.4412515836523,0.14723375624759708,200.1270878419699,776.7173928977539,885.8364823842429,0.688772564063064,108.73368800461361,38.16252385897377,0,0000310_05822_d_0000130.jpg
1051.685791040568,0.12608708189158016,174.45776771111235,676.3370071217633,862.6642723130262,0.6989007983203626,119.15915801614763,39.87002929770612,0,0000314_00000_d_0000142.jpg
560.9174114056026,0.07015378700499808,142.20808102075165,377.59468202906857,664.914371541144,0.6864705189519866,123.23764609765475,31.743536635704952,0,0000314_00500_d_0000143.jpg
551.1781824098714,0.07136197616301422,149.388205483593,349.9367505758692,685.2792442267668,0.6916150035071836,123.86506920415225,30.715479777270627,0,0000314_01000_d_0000144.jpg
550.3460717862253,0.0788283352556709,148.33178718550147,335.7320204906582,634.2505336889632,0.6916373635859596,121.54887351018839,31.734102524767184,0,0000314_01500_d_0000145.jpg
917.3535793698925,0.10055940023068051,155.82958091388144,574.1718546401393,848.7247140493424,0.6972916670042023,117.61306805074972,37.6707832610645,0,0000314_01908_d_0000146.jpg
960.6960190959869,0.1072241445597847,163.08320785509272,750.295641858632,1198.5762720477096,0.6812589506233784,114.91183198769704,39.81199334205669,0,0000320_00150_d_0000003.jpg
626.7219552743805,0.06720011534025375,146.48012307880686,619.1584809305258,1275.7911041485086,0.6582744995148238,117.36568435217224,33.993985413217864,0,0000320_00300_d_0000004.jpg
597.7823184787825,0.056968473663975394,142.54561525807787,634.5368194155565,1350.475979028058,0.6462356293286494,125.27073337178008,33.88010212403528,0,0000320_00450_d_0000005.jpg
621.7465380765148,0.07136582083813918,172.9758579800535,590.8108916608443,979.4655831008272,0.6561788753486968,120.95266532103037,41.054678938393714,0,0000320_00600_d_0000006.jpg
619.2068145414071,0.05516243752402922,155.94005340343028,577.1314881099677,1194.6468580648946,0.6556009883599063,120.71336793540945,32.45973317890502,0,0000320_00750_d_0000007.jpg
517.1150451575636,0.047826797385620914,135.610005244648,469.45600178029474,1023.8895148112556,0.6607509426596759,127.61916570549789,28.080101615275108,0,0000320_00900_d_0000008.jpg
1019.8066994968076,0.10485390234525183,178.0685868789167,845.9025324541096,1161.6380762256458,0.6716103916419023,128.93744232987314,45.40913197855037,0,0000320_01050_d_0000009.jpg
987.4525816700753,0.0998356401384083,173.16747954375137,804.6899689245915,1166.5102216529062,0.6715048540186159,118.03141676278355,46.21286914296628,0,0000320_01200_d_0000010.jpg
1563.9070384954412,0.1449317570165321,201.9698991266493,1115.6689728180074,1227.6306188341825,0.6936229257297734,104.82298442906574,54.45570535055265,0,0000320_03950_d_0000011.jpg
1205.2616115197316,0.1275653594771242,188.40164014753014,868.783314240892,1120.1277341552325,0.6891366199352148,102.53685024990388,49.13901172467599,0,0000320_04050_d_0000012.jpg
902.5411451962923,0.09559111880046137,151.57264784473858,729.7320948101226,1121.5474782171939,0.6753933044911107,120.17317858515955,40.71374296657042,0,0000320_04200_d_0000013.jpg
713.8905804959971,0.07048635140330642,128.9182869024814,553.4840761682261,1070.0633012873468,0.6779535171110447,116.24848135332564,36.05671350009655,0,0000320_04375_d_0000014.jpg
1700.6224927815142,0.2056430219146482,227.4153649646333,1004.501464679868,1029.304937045256,0.7038922008325071,123.04981449442522,42.302813759427615,0,0000321_00000_d_0000015.jpg
1298.1504855528606,0.15938869665513264,213.02377760560637,943.1094590714259,1037.745854716769,0.6757742602350111,129.062038638985,51.99916197159176,0,0000321_00268_d_0000016.jpg
658.8024483671207,0.1315340253748558,206.2301134259747,598.7439310111367,747.0052269604811,0.6614914349948386,95.35707708573625,44.947162942135975,0,0000328_00150_d_0000019.jpg
587.7351266596476,0.12761726259131104,201.35058835496207,527.2279333436464,627.9661410712653,0.6665695983278489,93.00217800845829,42.60285488094383,0,0000328_00300_d_0000020.jpg
596.5588141513607,0.11827470203767781,200.88545276794247,534.0876458456304,705.9646952798685,0.6655226254151274,89.15343617839292,45.879209914298926,0,0000328_00600_d_0000022.jpg
394.4901249050462,0.08179354094579008,184.55984436584382,478.2237834584886,771.7048323485704,0.6314890211812093,85.21868223760092,47.69927717417348,0,0000328_01050_d_0000025.jpg
483.7309079172582,0.08848712033833141,180.47393486659521,645.0432753947952,962.6002027374722,0.6321757472953363,112.89918781237985,35.81430871966369,0,0000337_00500_d_0000037.jpg
665.2405108425376,0.0928037293348712,183.8800616193027,751.0838209778132,1109.1363171936193,0.6479589764158207,115.01065359477124,38.05829999230222,0,0000337_01000_d_0000038.jpg
563.2477940810619,0.08123894655901576,184.03543381692282,761.2462602737775,1165.0799283511103,0.622990983259985,108.72170126874279,38.211829210439525,0,0000337_01500_d_0000039.jpg
438.9078949310446,0.09221837754709727,175.81469592240347,583.0274396544904,949.5197705963482,0.62717182331916,116.20353037293349,32.853677191317445,0,0000337_03000_d_0000042.jpg
458.71059544646215,0.13355728565936179,189.3332380974544,474.9810404195055,615.4299798938652,0.6483506700926545,127.79360726643598,39.62344528757014,0,0000347_00000_d_0000046.jpg
373.22346344615244,0.11692233756247597,170.88813554842181,463.1269393717527,632.929860506032,0.6349488128296065,125.99424259900039,37.04642070583569,0,0000347_00100_d_0000047.jpg
