filename,laplacian_var,tenengrad,variance,std_dev,edge_density,high_freq_ratio,local_var_mean,local_var_std,is_marked_blurry,is_marked_dark
9999938_00000_d_0000316_blurry.jpg,2090.5439635706207,18063.86516497462,2174.9779260043006,46.63665860676878,0.17496464829586658,0.6027798903511402,1014.531544409057,999.0400142352338,True,False
9999938_00000_d_0000317_blurry.jpg,1806.3856624807665,15690.87422226251,2215.485309880018,47.06894209433666,0.17041696881798404,0.6085901109000412,844.8185996741288,829.5452901759926,True,False
9999938_00000_d_0000318_blurry.jpg,895.3448872338123,11540.738930384336,2066.309885032322,45.45668141244279,0.12374637418419145,0.5272573128305411,753.2103337650151,891.5716851794074,True,False
9999938_00000_d_0000319_blurry.jpg,885.5761990317709,11283.48583031182,2491.4482574732033,49.91440931708201,0.1268391950688905,0.5509544839802456,657.3935052359751,794.5766119088576,True,False
9999938_00000_d_0000320_blurry.jpg,1448.7686282539785,15305.402422044961,1776.5628956214528,42.14929294331582,0.12687998549673676,0.5746443685122983,737.7804704996967,840.3956245255163,True,False
9999938_00000_d_0000321_blurry.jpg,1254.2524927517732,12477.650946337926,2164.637682071497,46.52566691699859,0.12275471356055112,0.5961637818909834,668.506581920986,823.8470896035496,True,False
9999938_00000_d_0000322_blurry.jpg,1713.2167572474036,14762.60797679478,2414.6676209120296,49.139267606589634,0.1637273386511965,0.6066357807667893,825.9700956815897,888.8122140327282,True,False
9999938_00000_d_0000323_blurry.jpg,1486.174082652953,15695.355389775199,2032.9695303474064,45.0884633841896,0.1594225888324873,0.5965261426320502,841.8636845655219,960.1828546673106,True,False
9999938_00000_d_0000324_blurry.jpg,1585.1416441857639,17305.518622189993,2014.478646748123,44.88294382889922,0.15433194343727338,0.5816045083521311,1063.409046795017,1246.3433177542956,True,False
9999938_00000_d_0000325_blurry.jpg,1309.6016775990765,17561.933232414794,2089.678023869232,45.7129962250259,0.1355221174764322,0.546271241948368,1138.8237959044848,1336.6700794018213,True,False
9999938_00000_d_0000326_blurry.jpg,1372.9626415918794,20045.416950688905,2425.975821084181,49.254195974395735,0.13700235678027556,0.4808091374333463,1573.0152364812157,1629.568249940094,True,False
9999938_00000_d_0000327_blurry.jpg,1615.0110954682286,19109.523921319797,1965.230868674079,44.33092451860303,0.13766134880348077,0.5737562064000206,1127.208793364754,1290.311421282143,True,False
9999938_00000_d_0000328_blurry.jpg,1635.4691506181157,13594.463136330674,1737.812553076211,41.68707897030219,0.1433112762871646,0.6060019218236972,680.4181336506392,791.2162496543726,True,False
9999938_00000_d_0000329_blurry.jpg,2063.9039246297684,17756.927877084843,2479.6177996728543,49.795760860467375,0.19484590282813632,0.5967395047730493,1022.6050772713136,1016.7860211793442,True,False
9999938_00000_d_0000330_blurry.jpg,2199.258891765859,26325.79177121102,2429.1321746956673,49.286227028406906,0.16959390862944163,0.5881289074418001,1374.4034801130147,1245.8504995825067,True,False
9999938_00000_d_0000331_blurry.jpg,2755.1722684050114,35121.64845358956,2849.138397859397,53.37732100676651,0.20821337926033356,0.575118449904093,1682.5295650524686,1145.5046971399663,True,False
9999938_00000_d_0000332_blurry.jpg,1365.79346238977,16432.36380529369,1855.183455827572,43.07184063663372,0.1341198332124728,0.5792647882850069,896.0808499497036,1095.3159102395898,True,False
9999938_00000_d_0000334_blurry.jpg,659.9270123121261,11362.2840137781,1900.625560402042,43.59616451480614,0.11968455402465555,0.491779669948447,758.378677637078,811.1000922825938,True,False
9999938_00000_d_0000335_blurry.jpg,657.1104201814085,10942.741751269035,1872.2401372932507,43.2693903041544,0.11249002900652647,0.479172636611867,810.3608446102734,879.1057603372452,True,False
9999938_00000_d_0000336_blurry.jpg,1935.5384336078032,14902.107269760696,1852.9101623135616,43.04544299125706,0.1323703770848441,0.6072850631878479,877.4379825268605,1029.6304229474924,True,False
9999938_00000_d_0000337_blurry.jpg,1991.4536547049343,15817.439597534445,2052.6264091822795,45.30592024429345,0.1554894851341552,0.6059075778661861,889.1917462552241,978.8523855452515,True,False
9999938_00000_d_0000338_blurry.jpg,722.600954925374,12837.672556200145,1825.316592019405,42.72372399521611,0.11326414068165337,0.4781696270975535,924.9808580699818,1011.8855752970996,True,False
9999938_00000_d_0000339_blurry.jpg,1806.3568068065915,19049.771731327048,1595.6637386500631,39.94575995834931,0.09361493836113126,0.6079388729532629,866.3631709028584,989.629037574849,True,False
9999938_00000_d_0000340_blurry.jpg,1917.9915296096362,22112.67906635243,1754.8797991676647,41.89128548000962,0.12057650471356055,0.609702012542334,1046.2166551406992,1092.1849196570402,True,False
9999938_00000_d_0000341_blurry.jpg,1889.417147931063,19216.255150471356,1681.246516583572,41.003006189590195,0.1274791515591008,0.6184661806731878,879.1019834344701,922.7063675958447,True,False
9999938_00000_d_0000342_blurry.jpg,1687.6552855225034,17283.442505438725,1608.5800084769428,40.107106707875886,0.09899836838288614,0.6286092168402515,791.441074596819,874.803024786139,True,False
9999938_00000_d_0000343_blurry.jpg,2158.979895325797,20807.971145757794,2058.724444846373,45.37316877678231,0.1296437635968093,0.6101476492262143,1018.450644457063,1092.5163276764952,True,False
9999938_00000_d_0000344_blurry.jpg,1459.8236557082269,18562.472271573602,2097.268116386818,45.795939955271336,0.15412799129804206,0.5799353098948498,1005.1245060983555,1009.9722297949991,True,False
9999938_00000_d_0000345_blurry.jpg,1794.562429424586,19075.76496555475,2244.404297633465,47.37514430198039,0.15821337926033358,0.6059575862507975,969.9133916252343,977.526616715079,True,False
9999938_00000_d_0000346_blurry.jpg,1541.971798670457,18191.605065264685,1704.5634899212541,41.28635961090847,0.11986584481508339,0.5830606459035579,899.615217341009,996.6813776800136,True,False
9999938_00000_d_0000347_blurry.jpg,864.5961762754874,13246.179728063815,1438.1218968977198,37.92257766684274,0.09150471356055112,0.5145815663449163,789.7628825976867,1108.7043202711707,True,False
9999938_00000_d_0000348_blurry.jpg,1886.6976612264084,19588.6334173314,2264.63937903158,47.588227315498735,0.15166062364031907,0.5965986602677775,1029.1844993358434,989.5257289819231,True,False
9999938_00000_d_0000349_blurry.jpg,1623.654810690863,16089.112849891226,2076.907130622276,45.57309656609122,0.15014684554024654,0.5990449040633234,912.5601764002512,976.6029004436609,True,False
9999938_00000_d_0000350_blurry.jpg,1377.9023286225024,14278.979619289341,2082.23454013431,45.63150819482422,0.14928752719361857,0.5773729394709453,846.0216899759085,842.4081725360898,True,False
9999938_00000_d_0000351_blurry.jpg,894.242807987969,13822.12280275562,1984.1462192651304,44.5437562321043,0.10543963016678752,0.5076106431441664,898.0169520683066,1068.7788787538877,True,False
9999938_00000_d_0000352_blurry.jpg,1135.7112731845086,14265.010647208122,2150.2295094376636,46.37056727534896,0.12867113850616388,0.5577108427539836,846.7489583640136,938.5637050815617,True,False
9999938_00000_d_0000353_blurry.jpg,720.8833946246749,11012.726076867295,2597.2004930498447,50.962736318312466,0.11402465554749819,0.5116917551979652,839.8012110974438,947.599113032127,True,False
9999938_00000_d_0000354_blurry.jpg,879.7787373050227,12249.090279187818,1992.208627359998,44.634164351536796,0.11598531544597535,0.5217245988828683,780.4576302277026,974.0464272295119,True,False
9999938_00000_d_0000355_blurry.jpg,952.5609774442704,12232.89003444525,2180.110507478731,46.691653509794776,0.13389684554024656,0.5375164665826088,757.9456357346024,832.8150782772727,True,False
9999938_00000_d_0000356_blurry.jpg,1266.0190424147788,13408.0964448876,2455.886849482216,49.5569051644896,0.1349746192893401,0.566524211654546,804.4777075911677,903.0298537634663,True,False
9999938_00000_d_0000358_blurry.jpg,1790.6320349762843,17717.39488759971,2210.558794647882,47.01657999735713,0.14930112400290066,0.5810266362771455,1003.6070497904637,944.0853659599842,True,False
9999938_00000_d_0000359_blurry.jpg,1700.5948059182003,16266.789008339376,2808.0776811430874,52.99129816435041,0.12432559825960841,0.5825003083625898,950.1250133634537,1156.8625323586286,True,False
9999938_00000_d_0000360_blurry.jpg,1751.2246281532612,14739.698538796229,2102.55633434761,45.853640360909296,0.09930203045685279,0.57855051931775,790.3962243388789,1029.0823031046423,True,False
9999938_00000_d_0000361_blurry.jpg,1673.5989502581713,17252.69286076867,2397.6903752615826,48.966216672942814,0.1245241116751269,0.560606004096091,958.8130305617354,1108.4939951917513,True,False
9999938_00000_d_0000362_blurry.jpg,1581.4030902439326,14528.461359680929,2405.4848825154754,49.04574275628289,0.12984862218999274,0.5950671139699072,845.7901447161223,973.1702413707598,True,False
9999938_00000_d_0000363_blurry.jpg,1969.8374927935922,16210.319648295867,2140.2057221807904,46.26235750781396,0.18165246555474981,0.6086627335345738,870.687317609787,941.2973674219645,True,False
9999938_00000_d_0000364_blurry.jpg,1669.0254078950743,13765.208999274837,2311.042383453587,48.07330219002629,0.11944615663524293,0.6126251840900087,793.4551507105199,947.5151135207028,True,False
9999938_00000_d_0000366_blurry.jpg,1723.4908938168733,17028.08490210297,2953.924018101258,54.35001396597114,0.13652465554749818,0.5931558139560609,966.0811864183854,1143.3435191516242,True,False
9999938_00000_d_0000367_blurry.jpg,1776.0562895006806,15696.737750181292,2361.444794149855,48.59469923921595,0.11418781725888325,0.5821095303385937,935.5394137201383,1205.2804534842119,True,False
9999938_00000_d_0000368_blurry.jpg,1886.3120241105512,16444.358433647572,2307.4204370395587,48.03561633870808,0.13901831036983323,0.6183913359108304,883.4779953217321,966.8480199846083,True,False
9999952_00000_d_0000001_dark.jpg,963.8329912937825,11422.12083031182,2918.542437373663,54.02353595770701,0.08477066715010878,0.5282695578576458,901.2489443804867,1379.7823880109117,False,True
9999952_00000_d_0000002_dark.jpg,1200.01578583612,14920.315505801305,2763.0942700356395,52.56514310867649,0.0816959753444525,0.5307645821169474,1004.9827335943547,1493.4262975936274,False,True
9999952_00000_d_0000008_dark.jpg,932.4617113345264,11563.243794416243,2143.5218300876973,46.2981838746154,0.07677755620014504,0.5395063337809699,776.5663435015567,1187.1019188402613,False,True
9999952_00000_d_0000009_dark.jpg,1181.494713235154,12971.34995649021,2630.827736063979,51.291595179561135,0.10904731689630166,0.5408612749624746,933.4987599821978,1139.0619080762947,False,True
9999952_00000_d_0000083_dark.jpg,278.9271763822661,7040.677367657723,3688.7200597746078,60.73483398984975,0.0640455039883974,0.4078384487052473,743.4012911245804,1169.0607893798156,False,True
9999952_00000_d_0000131_dark.jpg,960.4914773127002,11469.366051486584,2262.865554500849,47.569586444500956,0.05861675126903553,0.5459140816806022,812.5305817302807,1598.3820111684024,False,True
9999952_00000_d_0000164_dark.jpg,138.25996176549296,1643.1475308194345,354.0344367635506,18.815802846638,0.021296229151559102,0.5220272819270871,127.15630626031594,372.5266275227472,False,True
0000006_00159_d_0000001.jpg,956.6518309289472,9719.618452518262,1717.0626806142486,41.43745504509475,0.15409842368319876,0.5621060286463432,681.5919531265401,859.0733177127036,False,False
0000006_00611_d_0000002.jpg,929.8717223186679,10392.304002306804,1601.3669458835284,40.01708317560799,0.14985774702037677,0.5489388301555972,732.2798565366994,994.267394375935,False,False
0000006_01111_d_0000003.jpg,953.1363647199087,9858.72519607843,1879.5558902224761,43.35384516075219,0.14178777393310266,0.5594547171540116,697.7273233938909,1015.1994376266149,False,False
0000006_01275_d_0000004.jpg,1396.961193765713,16295.079900038447,2530.414053343328,50.30322110305987,0.1751066897347174,0.5462409181157845,961.6576862690612,1117.8489787215997,False,False
0000006_01659_d_0000004.jpg,719.0640464241048,9622.527056901192,1585.2206658138448,39.81482972227616,0.1407160707420223,0.5159908417523821,698.2352649420192,1012.5036002850646,False,False
0000006_02138_d_0000006.jpg,852.1893257906075,10386.727320261438,2071.144733388667,45.50983117293084,0.14700307574009996,0.534321639150853,782.1196912672702,1095.7208385175682,False,False
0000006_02616_d_0000007.jpg,840.1773393131546,8628.953381391773,2457.750735961779,49.57570711509599,0.16046712802768165,0.5616173690366403,610.3230132207614,989.5132734703731,False,False
0000006_03636_d_0000009.jpg,1058.751305324741,9955.528737024222,2581.5103436551226,50.808565652408674,0.14104382929642445,0.5636559323757666,705.8794883743823,1033.6980213375932,False,False
0000006_04050_d_0000010.jpg,1309.759337524029,13081.243877354864,2163.1608302784202,46.50979284278119,0.1826903114186851,0.5860778257916889,820.1944631296162,887.2988969684596,False,False
0000006_04309_d_0000011.jpg,1104.7078662026115,12017.731628219915,2641.1582765348353,51.39220054186078,0.16466935793925414,0.5757199239480945,675.0459879436848,756.6417800175051,False,False
0000006_05168_d_0000013.jpg,945.3611941489016,10614.089980776624,2277.820559651256,47.72651841116484,0.13853806228373702,0.5596694577650368,728.770821525937,1005.8029739161907,False,False
0000006_05208_d_0000014.jpg,532.1052325761458,5129.000382545175,1400.0094354200555,37.416699953631074,0.09038350634371396,0.5742703423713555,344.74807273082854,690.9749399410002,False,False
0000006_05575_d_0000016.jpg,295.4287099392085,3717.864284890427,1619.3611654940394,40.241286827014356,0.044907727797001154,0.5242280417833911,315.2621593840621,766.1340929822458,False,False
0000006_05999_d_0000017.jpg,851.7082801105163,11046.727783544791,2177.1790712546417,46.660251512980956,0.13107074202229912,0.533510008177453,886.3492986222972,1274.4113782790969,False,False
0000006_06773_d_0000018.jpg,1589.3693970298802,12302.909348327566,2087.9462999276584,45.69405103432676,0.2076086120722799,0.6039395603135593,823.2100647527485,1057.245694299954,False,False
0000006_07596_d_0000020.jpg,1322.572653528605,10086.841622452903,1620.1111754578603,40.25060465953102,0.1655161476355248,0.6055624658890754,585.3132554769022,715.571221197169,False,False
0000011_00234_d_0000001.jpg,507.937967560379,6268.834327181853,1338.5474614576851,36.58616489135866,0.10079008073817762,0.5377932909214403,422.9808042074089,598.7085389272784,False,False
0000011_01955_d_0000004.jpg,619.0558242347486,8357.51953479431,1461.963858681269,38.23563597851184,0.10236928104575163,0.5168084305865155,591.8957704007008,723.9932196589638,False,False
0000011_02800_d_0000005.jpg,598.987442740445,6780.044361783929,1546.3675385857268,39.323880004212796,0.099660707420223,0.5369430033720086,500.7716482914753,679.2155484608205,False,False
0000011_04202_d_0000007.jpg,891.4036843926729,10323.670001922337,1623.9150529988542,40.297829383216836,0.1227354863514033,0.547783736492366,710.9112050706062,843.3238130753339,False,False
0000011_05068_d_0000008.jpg,693.5465676589644,8172.1414801999235,1315.5704353036213,36.270793144121086,0.11430988081507112,0.5392320781976409,596.5044647368832,645.6823802866842,False,False
0000011_06000_d_0000009.jpg,599.6384081687588,7458.142324106113,1317.4364224339001,36.2965070280034,0.12373414071510958,0.5356830787821326,510.0465895206538,492.70882889134936,False,False
0000011_06595_d_0000010.jpg,517.9403784673499,6388.380111495579,1254.5834723014104,35.420099834718286,0.09474048442906574,0.5545005904190354,438.45124390998984,477.2218693081725,False,False
0000011_07307_d_0000011.jpg,574.6494866855387,7021.826157247213,1018.1714407002509,31.90879879751431,0.08991253364090734,0.5400153512206866,449.1405325617109,578.905966024553,False,False
0000063_05000_d_0000006.jpg,199.74377880226427,2831.7567168209875,1708.9180681469902,41.339062255293,0.0341087962962963,0.5002972878043128,254.83612122412384,483.8731157134286,False,False
0000073_00377_d_0000001.jpg,321.88969028974094,6666.454692322531,2997.3781201751444,54.74831614008914,0.07416618441358025,0.44834583860448074,678.6972092803344,1029.3408723959292,False,False
0000073_01275_d_0000002.jpg,352.9883986837987,7151.460389660494,3058.4614682055662,55.30335856171455,0.07916280864197531,0.44937173862546476,754.7787432433032,1117.8486168055513,False,False
0000073_03155_d_0000004.jpg,305.9214774082282,7491.646416859568,3250.88434169504,57.01652691715832,0.07700617283950617,0.4274340872987044,796.4020207595629,1169.9533272096564,False,False
0000073_04009_d_0000005.jpg,373.9052465268457,8545.61154224537,2988.0736732610544,54.66327536162697,0.08015190972222222,0.44018786639106977,770.0322490843002,1077.231257547736,False,False
0000073_05010_d_0000006.jpg,388.06965453383185,9103.009197530864,3303.589610226605,57.4768615203249,0.08673321759259259,0.4362285132620576,887.750120248192,1239.645299674802,False,False
0000073_05999_d_0000007.jpg,372.3418592533294,8970.593369020062,2877.5695382203194,53.642982189847714,0.08488715277777778,0.4235513552272951,1007.1232849629524,1386.9192354870245,False,False
0000074_02723_d_0000005.jpg,301.3368947547419,7049.132837577161,2959.564085809452,54.40187575635101,0.07559124228395062,0.42974636858313287,790.588878303904,1098.1229218648334,False,False
0000074_03738_d_0000007.jpg,279.37202907545105,6908.3178423996915,3215.1891500894026,56.70263794647831,0.07261284722222222,0.4205606369902895,876.6301992780806,1308.1242032618065,False,False
0000074_05715_d_0000011.jpg,577.6387213108072,11795.075514081791,3409.3112039691932,58.38930727427063,0.09454137731481481,0.4567728861152788,1061.054061501713,1438.5306720835765,False,False
0000074_06746_d_0000013.jpg,391.28818073475935,9518.786339699074,2893.6786915369335,53.79292417722738,0.08530623070987654,0.4267963981590362,947.101450788834,1273.1938508798069,False,False
0000074_07297_d_0000014.jpg,404.28175807230554,8738.353621720678,2651.1359297616227,51.48918264802445,0.08127797067901235,0.445686408350334,875.1569779454345,1278.2560182165669,False,False
0000074_07850_d_0000015.jpg,538.8978816454961,9925.723619791666,3185.709522341872,56.44208998913729,0.08036024305555556,0.47940012102790286,858.3758588579293,1360.7804351033958,False,False
0000074_08202_d_0000016.jpg,504.8151845190721,10735.566522955247,4149.636720466502,64.41767397590898,0.08829282407407407,0.44899580845292664,1150.5318310247303,1515.0738030753473,False,False
0000074_09738_d_0000019.jpg,472.70273079329417,10027.060192901234,3368.8183740317236,58.04152284383761,0.08704185956790124,0.4504326782317838,974.5769594507947,1339.9505913679561,False,False
0000074_10218_d_0000020.jpg,270.9807413757071,6733.479411651235,3794.227683498634,61.59730256674097,0.06488088348765432,0.40468257580157185,642.604789773562,915.1030045480643,False,False
0000074_10730_d_0000021.jpg,387.966066736623,7905.91650945216,3558.508700197541,59.65323713091806,0.06896556712962963,0.45441677790507223,734.5494742895556,1086.7763055697435,False,False
0000074_11362_d_0000022.jpg,431.98686157822686,8808.464184992285,2929.0568794875426,54.120762000248504,0.08633680555555556,0.45085898667593116,859.5667362835203,1022.6805978180263,False,False
0000074_11827_d_0000023.jpg,443.72626159854025,9639.927624421296,2759.3868584231245,52.529866346899496,0.08929976851851852,0.44087958704992614,877.0358271630654,1091.7872523834467,False,False
0000074_12322_d_0000024.jpg,310.0981068378779,7802.725588348765,3122.469922365934,55.879065152934814,0.07777295524691358,0.42407593462697263,767.4839668435566,1156.3115844577294,False,False
0000074_13313_d_0000026.jpg,331.3182507834916,6547.056679205247,3184.129623337699,56.42809250132153,0.06774016203703703,0.4602586787421385,635.5677720076253,988.8866770534349,False,False
0000074_15793_d_0000031.jpg,373.10864672386043,7348.158380594135,2549.7802376736113,50.49534867365123,0.08039930555555555,0.4502620453227568,770.961675844746,1086.5654125592691,False,False
0000074_16210_d_0000032.jpg,478.69945442697093,9492.853263888888,3067.223375543592,55.3825186818331,0.07982349537037037,0.45360529081287965,871.1400969367671,1262.5096906030606,False,False
0000078_00490_d_0000002.jpg,534.882894059237,6957.643471741638,1935.2044472650177,43.990958699089724,0.13081122645136486,0.516429841912104,520.4081318136574,542.4929650341705,False,False
0000078_02363_d_0000007.jpg,155.5998437052942,3212.0364263744714,945.7031922830888,30.75228759430896,0.041639753940792,0.43695081997375873,216.59638298619114,483.5612997939446,False,False
0000078_02778_d_0000008.jpg,465.30552536341514,5959.184419454056,3591.037999189556,59.92527012195737,0.10224240676662821,0.5109028353242705,376.4836652323326,467.7316559847315,False,False
